user_id;name;email;signup_date
e3e70682-c209-4cac-a29f-6fbed82c07cd;Cody White;mjohnsonbrock.org;02.06.2020 7:25
f728b4fa-4248-4e3a-8a5d-2f346baa9455;Lisa Wagner;rowlandmichelleretperry-parkercom;04.02.2023 23:43
eb1167b3-67a9-4378-bc65-c1e582e2e662;Teresa Callahan;pthompson@hotmailcom;24.08.2021 18:46
f7c1bd87-4da5-4709-9471-3d60c8a70639;Amy Merritt;xkramer@gmail.com;18.10.2023 0:17
e443df78-9558-467f-9ba9-1faf7a024204;Matthew Galvan;katherine72@hill.info;28.05.2024 10:08
23a7711a-8133-4876-b7eb-dcd9e87a1613;Jennifer Rivera;ernestjones@gmail.com;11.10.2021 22:02
1846d424-c17c-4279-a3c6-612f48268673;Tammy Harvey;zjohnson@gomez.com;15.12.2020 19:55
fcbd04c3-4021-4ef7-8ca5-a5a19e4d6e3c;Gina Taylor;mhiggins@hotmail.com;31.12.2022 11:17
b4862b21-fb97-4435-8856-1712e8e5216a;Mary Hill;bmccarty@ryan-wilson.net;27.05.2022 2:35
259f4329-e6f4-490b-9a16-4106cf6a659e;Lisa Rivera;austinnathan@hotmail.com;17.09.2021 16:04
12e0c8b2-bad6-40fb-9948-8dec4f65d4d9;Angela Brock;elizabeth25@walker-poole.net;04.01.2022 8:51
5487ce1e-af19-422a-99b8-a714e61a441c;Brian Green;sandra97@bryant.org;09.06.2021 22:15
5a921187-19c7-4df4-8f4f-f31e78de5857;Lisa Fisher;mpatterson@gmail.com;25.10.2020 22:19
a3f2c9bf-9c63-46b9-90f2-44556f25e2a2;Thomas Miranda;frankbrad@gmail.com;05.07.2023 15:53
8d723104-f773-43c1-b458-a748e9bb17bc;Robin Schroeder;martinjason@rodriguez.net;08.01.2023 20:07
85776e9a-dd84-439e-b154-5a137a1d5006;Raymond Roberson;nicholaswilson@palmer-perez.info;29.11.2023 4:27
eb2083e6-ce16-4dba-8ff1-8e0242af9fc3;Karen Parks;rodriguezalicia@booker.com;18.08.2022 20:22
17e0aa3c-0398-4ca8-aa7e-9d498c778ea6;Phillip Baker;benderhector@carpenter-durham.com;24.06.2022 11:02
b5d32b16-6619-4cb1-9710-37d1b83e90ec;Madison Hicks;mary99@gmail.com;01.04.2021 17:23
a0116be5-ab0c-4681-88f8-e3d0d3290a4c;Angela Williams;kathryn72@yahoo.com;01.07.2020 4:24
d3fbf47a-7e5b-4e7f-9ca5-499d004ae545;Reginald Taylor;davidoliver@wells-brown.com;29.01.2020 11:58
baf3897a-3e70-416a-9548-5822de1b372a;James Levine;corey06@hernandez.com;16.07.2024 21:22
101fbccc-ded7-43e8-b421-eaeb534097ca;Emily Weiss;raynicholas@kennedy.com;17.07.2020 19:21
38c1962e-9148-424f-aac1-c14f30e9c5cc;James Riley;brivera@hotmail.com;05.08.2023 10:13
247a8333-f7b0-47d2-8da8-056c3d15eef7;Mrs. Jennifer Gillespie;watkinsthomas@steele.net;01.03.2023 15:14
1759edc3-72ae-4244-8b01-63c1cd9d2b7d;Kyle Ross;john35@hunter.com;10.11.2023 10:28
e005b860-51ef-4922-be43-c49e149818d1;Michele Russell;sharonlopez@weber.com;21.06.2020 13:34
7d41e602-eece-428b-bf7b-118e820865d6;Tina Mercer;laurieharper@nichols.com;01.08.2023 4:09
4a84eb03-8d1f-49b7-8d2b-9deb1beb3711;Russell Johns;ohayes@davis.com;28.06.2022 7:13
552f233a-8c25-466a-9ff3-9849b4e1357d;Todd Martinez;charlesgreen@yahoo.com;21.05.2023 3:01
3405095c-8a50-46c1-ac18-8efbd080e66e;Tyler Rivas;deanrodriguez@gmail.com;16.06.2021 6:06
8c1745a7-9a6a-4f92-8ca7-4147f6be1f72;Donna King;johnny01@stephens.com;07.08.2021 3:59
1775336d-71ea-4d05-89a3-e80e966e1277;Adam Fields;rodriguezjames@wagner.info;31.10.2023 4:01
5129fb7c-6288-41a5-8c45-782198a6416d;Raymond Jones;hancockroger@gmail.com;14.04.2020 16:58
2f120554-4a53-48cc-bdfa-bc08935ddd72;Dustin Barton;knewman@anderson.biz;23.11.2020 14:06
0870e15c-2fcd-41b5-924b-ace4307bf326;Katie Mays;michelleknapp@yahoo.com;06.02.2021 1:46
42930b33-a81a-4477-bb36-75b89cdeb3e6;Gary Yang;dli@dickson-fleming.info;24.05.2022 5:37
adc0da7a-16fe-4aa0-91af-923d79fdef7c;Charles Lane;james20@mckenzie-parrish.com;15.03.2024 22:42
2648ee38-e074-45eb-a156-63abc1f254b8;Jake King;ashley23@hotmail.com;16.12.2022 12:39
148b2758-d7ab-4928-89e4-69e6ec62b2c8;John Nichols;twilson@griffin.com;17.10.2023 6:20
d450fe4a-ec4f-417b-b306-d1a8e5eeac76;Ethan Reyes;warnermichael@hotmail.com;01.08.2022 16:39
d67e55fd-642b-4a42-aef9-c00b8a64c1b9;John Simmons;wheelerrachel@hernandez.com;06.08.2020 19:19
85940927-468f-453d-864a-7a50b48d73f1;Daniel Newman;mcleanlorraine@gmail.com;15.11.2021 18:06
37176e84-d977-4993-bc49-d76fcfc6e625;Kayla Hernandez;matthew97@patel.org;13.08.2024 9:16
d3447490-96fd-45d0-adf2-0806e5214606;Christopher Cruz;nroberts@gmail.com;16.03.2023 17:55
46743741-9466-4472-ab5f-5241f323ca74;Mary Warren;michael52@lee-brown.com;29.03.2023 18:00
a425799a-a905-4750-be1e-a9c573581a81;Heather Wade;meganhernandez@gmail.com;27.10.2022 12:27
fb82860d-eabc-48d0-b341-facdff0ac0f1;Jennifer Briggs;john09@gmail.com;22.04.2022 13:55
5306f3f5-1516-4570-9b7c-709acb175a5a;Summer Owens;martharoberson@hotmail.com;05.05.2023 12:43
964a870c-7c87-4b74-9d87-8f9f9cdf5a86;Richard Johnson;destiny81@hotmail.com;02.03.2021 12:32
30bcab0e-d857-4102-95d4-4936a1515607;William Peterson;josephjohnson@yahoo.com;16.06.2023 14:16
4562be7f-bb42-40b2-8426-465e3e37952d;Danielle Jones;jesus45@hotmail.com;23.11.2023 23:49
5f3f5638-3870-4a14-b490-b6081dfc8352;Jeffrey Montgomery;nichole71@hotmail.com;04.05.2023 21:58
6d16ee18-5521-46dd-aba4-b180cb69ca38;Kelly Rodriguez;pgonzalez@cohen.com;11.06.2022 5:49
c87a7463-19c1-4a0d-8feb-d845d0dfae43;Ian Dunlap;debra87@hotmail.com;01.02.2022 5:12
38018b47-b29a-4b06-9af6-6c5f2577bffa;Derrick Webb;iclark@yahoo.com;26.08.2022 16:31
a25b59fd-92e8-4269-912e-cbc40b9475b1;Theresa Smith;mclaughlinchristina@yahoo.com;03.09.2021 18:55
9a27d858-88c1-42ad-afbf-c19ee8f6cf32;Cynthia Pena;johnsoncharles@lyons.com;22.04.2020 11:29
1fdb8b32-06d5-49e8-92f1-75ffae3b16ec;Stacy Vega;webbjennifer@ibarra-brown.net;25.05.2021 23:13
d480865f-9b38-4e80-b042-e325a28f5ab0;Rachel Martin;christine28@gmail.com;24.02.2020 21:40
176ea1b1-6426-4cd5-9ea4-5cd69371a71f;Parker Fox;pknight@perez.com;18.01.2023 15:14
1db53334-fb03-43a1-9576-d4155ec17dbe;Mrs. Janice Roberts DVM;douglas67@gmail.com;27.03.2023 4:38
31d0b664-0589-4877-9b02-52440950fd13;Dr. Michael Lutz;jerrybrooks@hotmail.com;16.04.2021 5:50
b7d6467b-2f5a-422a-b87f-43fdf6062541;Vanessa Thompson;barajasstephanie@yahoo.com;29.10.2021 13:30
ba26d851-35e8-479a-baaf-0e891fb797fa;Kenneth Good;barry38@green-miller.com;18.07.2024 0:43
ade9b2b4-efdd-45f8-8fa3-4266ccfdba9b;Sharon Fuller;monica48@gmail.com;25.05.2023 17:23
9edfa3da-6cf5-4b15-8b53-031d05d51433;Jenna Richardson;jeffreymedina@watson.com;09.08.2021 4:17
11ebcd49-428a-4c22-95fd-b76a19fbeb1d;Daniel Estes;michellepalmer@gmail.com;15.02.2020 16:57
4d125e7f-a59c-4c98-926c-bc8f38884479;Sharon Dyer;keith41@hotmail.com;28.11.2020 14:33
0fa07a3f-2e29-4065-afa2-31e959acdd98;Cynthia Morgan;noblebrenda@perez.com;28.10.2020 0:59
98b33c6e-0a14-490a-b795-e98680ee526e;Erica Thomas;sandra22@tucker.org;04.09.2021 14:30
642aad48-fcfc-4a81-b306-d70019d5f970;Krista Herrera;erikapineda@hotmail.com;08.01.2021 21:16
e786ab37-5bca-47be-8298-17c53308fb2e;Ashley Weeks;mcbridemary@gmail.com;05.07.2020 0:46
e6fd68e8-d69c-41c2-b860-1602bb4a06cb;Michael Burke;zachary47@lee-clark.info;10.07.2023 6:18
b29c467d-2b5f-4932-91dc-59efeb21a3f6;Michelle Davis;williamfarmer@yahoo.com;26.03.2022 3:32
c470f0e7-f76f-4fb8-b412-fc12ac322c12;Daniel Price MD;michaelparker@hotmail.com;10.03.2021 21:54
28805c5d-ad1b-4f60-89e4-dab20edc6d2b;Jason Simon;abennett@clark.net;12.03.2021 20:18
878b9f6b-57a1-4b71-a975-d279d86dbf11;Tyler Munoz;dray@howell-mayer.com;04.02.2021 18:46
ebe21368-98c7-4205-9e01-a934402d0baf;Justin Miller;patricia10@cook-johnson.com;20.12.2021 10:14
0361524c-2cc0-4859-aa65-24ab713b7e05;Melissa Barnes;grayjillian@gmail.com;13.01.2023 9:47
e66cd36e-68ef-4f5f-ae68-690a78bc7175;Michael Mcconnell;mistyramos@edwards-hayes.com;28.12.2023 20:38
eae2025e-8233-4e23-9ff3-334b91b15f5d;Janice Boyer;shawn12@mercer-wright.net;22.10.2023 1:16
637e0edc-5b6e-4ae7-a620-81434fbaecc0;Anthony Bird;vvelazquez@gmail.com;30.12.2022 9:59
27460f22-403d-4f83-a859-890cd670f668;Lisa Hansen;jsmith@gmail.com;03.11.2023 11:54
753c7c99-032f-46ca-b0d9-c2aa8f837ef7;Steven Farrell;nicole32@yahoo.com;28.02.2023 19:43
bd30291a-55fe-408e-943e-2e04bdd7d19b;Mr. Michael Barber;michellecampos@hotmail.com;10.03.2021 11:48
2284b7a4-47e7-4593-8b58-85ca0bb2c3f0;Rachel Davis DVM;amyhuff@foster.com;04.06.2022 13:06
7b59051b-f400-48d7-831d-5a973d792fa1;Lauren Rivera;opark@gmail.com;29.12.2021 19:42
ac642b4c-49b2-4ded-9c31-d9b25a2b745b;Linda Davis;uoliver@yahoo.com;01.03.2023 17:08
e456697c-f268-4baa-971c-702d5bf49c04;Alicia Kramer;davisedward@gmail.com;14.04.2024 20:28
21e15094-9efe-4464-9a90-f534a23d4c9d;Monica Davis;brianlopez@hotmail.com;07.02.2020 11:47
bf9cc545-6355-48f7-8f6f-a985b732d46f;Jenna Anderson;anthonylopez@hotmail.com;04.01.2024 15:59
14aa451c-a69c-4b85-9432-f8db6a174c1c;Terri Nielsen;michael74@cunningham-morris.com;02.11.2021 21:47
b2d650af-313b-42b7-9836-31890063e42f;Sharon Gonzalez;norristracy@hotmail.com;19.06.2021 3:02
391cf046-3d4a-4d51-a8fa-fd04559b5975;Terry Garza;kristen11@hotmail.com;08.06.2023 16:13
b5d97ef7-60ef-4471-b2b8-ff39a32c9b6f;Carlos Perez;amandarichardson@johnson.com;01.11.2020 21:36
dfe1b307-9172-4f0a-ac7c-8803e01bbf50;Eric Navarro III;ucruz@yahoo.com;11.08.2024 10:08
df26f517-66fa-4989-8813-5d586a1689ad;Steven Beck;joshuacowan@gutierrez-atkins.com;30.04.2020 8:04
c5adf681-6b10-453a-9145-de05b3ab1b2c;Catherine Harrell;joycelawrence@collier.com;23.08.2020 22:59
2a69acc7-0bf9-40ef-b581-6b74a985ab61;Joshua Castillo;dianalloyd@hotmail.com;12.11.2020 9:40
b3969057-425c-4200-905a-da6b720299e3;Robert Nelson;dillonwest@montoya-montoya.com;07.06.2022 13:41
e28bc9ff-870f-484c-b244-f536285e25b4;Melissa Phelps;julie65@murphy.com;26.11.2022 5:35
9a9e4310-8fb8-4bab-a875-4cd37cbd7025;Rebecca Doyle;ethomas@hall.info;19.12.2022 19:46
09f6048f-e245-4460-8004-884cc167733f;Charles Clark;wallacejennifer@hotmail.com;31.07.2024 13:43
d675ebf7-4fe3-4c9a-9371-0f577e9cf84f;April Martinez;mmiller@wilkins.biz;09.09.2020 15:06
d29dc5df-cf1d-4110-8cc3-6d8c77863fe5;Mr. Fernando Robinson;bradleystafford@yahoo.com;20.06.2023 1:40
6a46721a-cffa-4cdd-b963-a7efe00111e5;Eugene Ibarra;jeffreyhall@hotmail.com;20.10.2020 16:02
f689a4a5-ffda-4336-8c6e-90373020da5c;Matthew Gross;stephanieestrada@hotmail.com;31.05.2021 8:25
d663049d-155e-48b1-ba83-ada4a2121ac5;Chelsea Bailey;irwinadam@wilson.com;19.03.2024 18:11
03c54c71-fca0-4536-a169-df82b9bdee2d;Joshua Costa;matthewrose@miller-lawrence.com;17.04.2022 0:25
6ae04d52-adb3-48cb-b315-8c0c66dd7794;Juan Jones;dixonbrett@gmail.com;07.10.2021 18:07
03a89879-36a9-4d74-80de-59f550f0fc2b;Troy Kerr;jennifer21@yahoo.com;10.03.2023 15:38
faf1501b-009a-415b-8137-8be5b7a28e0a;Samuel Baldwin;george63@hotmail.com;17.01.2021 0:34
9cb017c1-8741-4e91-acfe-bb4bd29e8693;Julia Henderson;martinezerik@schmitt.net;18.09.2023 15:14
9bbd750d-1e70-4c52-b0c1-fb6a19086515;Kimberly Juarez;espinozastacey@smith.com;19.04.2020 0:37
4d6b234f-dfa7-46ed-b2d1-f81ba636425c;Barry Alexander;milleralexandra@gmail.com;12.12.2020 17:39
2ea60b99-fa7f-48bf-b044-284a47acf2f6;Jose Cooper;ronald60@hotmail.com;21.10.2023 1:29
ec3aa314-da9b-4017-b9c1-47c719a5711b;Nancy Cruz;robert57@hotmail.com;21.03.2024 6:28
0597aab6-14d3-4dbc-a0ac-f4c9658de17e;Michael Weaver;camachotrevor@gmail.com;06.06.2021 22:18
ccc14d51-73f6-40d8-a9f4-1cc04653a560;Andrew Jensen;clarkjeremy@stone.com;31.07.2023 12:03
41a93f90-dc82-4527-9da3-b7e2cad6e514;Laura Perry;linda77@hotmail.com;14.10.2020 6:20
d138d150-8557-416a-a750-2a812227d96d;James Miller;jamesflowers@hotmail.com;17.04.2022 1:34
1d77ce40-58d8-4776-a51a-d4f3a699bae0;Barbara Nunez;judith43@grant.net;01.07.2022 3:59
d9ead926-4745-4d9e-a789-6389df3277fd;Carol Harris;davidmiller@gmail.com;22.02.2020 23:22
34ab18fd-0a68-488e-8ad4-041504c14982;Kyle Russell;andersoncarl@gmail.com;28.05.2021 9:25
50910bdc-8ef0-46d4-8279-b14dae55cdff;Kimberly Fox;wilsonnicholas@torres.org;29.10.2022 22:47
914591ae-f03d-466a-9dec-c06af24dfdd8;Brandon Middleton;frederickarmstrong@pitts-gilmore.org;13.08.2024 12:55
d8ab0b30-0ac0-4f0d-9974-c146e8ec01b3;Carlos Lee;gleach@wilson.info;04.11.2022 20:21
9b8b71a1-b38a-45fb-b611-64cebfc74ca9;Margaret Reynolds;guzmankenneth@green.info;29.04.2022 0:00
a4e695c9-b65d-4226-be96-9cf3a7c5cb87;Martin Baker;nicole98@mccullough-turner.info;02.03.2024 13:57
6f790959-a3e0-4b3b-b56b-0715e7180322;Margaret Morrison;zrodriguez@martinez.org;04.09.2021 21:50
2da44da1-89b5-4368-9f14-c6125f58d5b5;Gregory Mack;masoncarlos@russell.biz;27.10.2023 13:01
4a814d53-964d-4b77-a025-f0ae35354579;Matthew Villegas;camachorachel@salas-nelson.org;04.09.2021 19:07
4578bab3-26a9-4465-a371-ea2c0247145f;Joseph Lewis;oriley@gmail.com;01.04.2024 16:45
5e00ea6d-ca24-4e4d-9667-2017555a4085;David Ruiz;thompsonlonnie@diaz.com;08.08.2020 0:51
c787ddfb-5697-417c-97fd-3736b7ef941c;Sara Roberts;kellyerika@yahoo.com;16.08.2020 19:42
4505f4f6-0a8c-46c7-8921-5f4f9edb95f2;Nathan Beck;mhudson@hotmail.com;18.05.2022 22:34
955d0e77-fb5e-4866-a640-211e29f2c3c7;Sherry Davis;justinfields@wolf.com;30.01.2022 21:55
fd42f697-6511-4656-9c64-60364a1eb1b7;Jon Salazar;ryan69@jimenez.com;04.02.2024 4:26
1d69d9fc-4b1c-48bd-a130-260c8c69778f;Crystal Taylor;molinaemma@davis-harmon.com;14.12.2022 22:48
ef0a81ed-3d5d-40bc-bb03-78eb7a62722e;Cynthia Smith;jennifer63@yahoo.com;14.02.2022 1:03
db66bfda-2df9-4747-8ed1-35530c5a876f;Joseph Schultz;garciawilliam@sosa.com;17.10.2020 9:02
4d7bd307-1224-41e6-ba89-82dd85e69ea9;Brianna Romero;tanya55@gmail.com;08.10.2022 14:24
4c9a0ae1-5419-4efc-95e7-3e3f673617d9;Nathaniel Ward;christopher54@hotmail.com;04.02.2024 1:04
8f928dc5-1972-4ce3-9bd0-94486a2b3200;Cheryl Vang;robertfoster@hotmail.com;02.03.2021 9:06
564ae909-7958-4e69-bb2e-1b82e89dc815;Jessica Swanson;racheladams@zamora.com;07.11.2022 22:48
cff4c56b-f9ea-4c64-8c41-7e7cd741d609;Andrew Alexander;allenmathew@garrett.com;16.07.2024 1:53
1db2b452-7aa5-4a18-9fd3-c01757f98d1e;Matthew Rose;shelleyrobinson@yahoo.com;16.08.2021 7:59
09aedbd0-6d31-4b4a-bf6b-8793b318ad4c;Katherine Moore;bakertaylor@norton-cox.org;17.03.2024 14:53
afe6790a-bc18-440b-95c7-ed9d4d4985dc;Kenneth Baker;schroederdavid@miller-daniels.com;07.03.2021 20:18
2aa36cf7-eb70-4a65-a7d9-9a23e4f7625e;Todd Taylor;pperry@hill-nelson.com;20.11.2022 2:38
ce5dc807-6025-4199-9082-3edaa0722aa0;Kimberly Giles;jeff46@morgan-cross.com;25.10.2021 1:17
16408169-a38d-4afc-bdd2-ed7af97ccc57;Elizabeth Harrison;stephenperkins@johnson-clarke.com;07.12.2020 22:05
32b2c492-15ac-47a1-8eca-2ee310da8a95;Jacob Mcintosh;donna94@hotmail.com;23.10.2021 18:17
62830869-0fa7-4e05-b897-4df5bff773ce;David Williams;dianesmith@yahoo.com;22.03.2023 7:31
8e751eb7-64d0-4913-991b-8adf0202861c;Melinda Lawrence;alexanderpamela@barry.info;18.11.2023 17:04
eb8f2056-72d3-4c5d-8a31-b24384dd6da6;David Willis;marshalljennifer@hill.info;30.03.2021 1:24
b6e355f6-95bb-440d-89cd-4af97d161f29;Rebecca Martin;wongvictoria@hotmail.com;07.01.2024 16:12
156af458-6c4c-4935-b79d-eda1ade6c5e9;Meghan Perkins;tyler75@hotmail.com;18.03.2022 11:23
ffc573d5-fd0b-470e-b85a-f4635e4af862;Kelly Blevins;wilsonsydney@gmail.com;02.02.2020 19:41
2aa50f4e-c6f0-4933-95d1-805142cb6d1d;Lori Smith;ljones@yahoo.com;30.03.2020 19:01
1d7173e5-5bc7-4deb-b123-4efe6e648043;Kyle Wang;donaldpope@jenkins.com;02.10.2021 2:15
da54f267-dd13-4266-926d-53961058fe8c;Mark Moore;timothyjackson@moore-davis.com;13.03.2021 18:31
869bdbd2-e72b-45b7-8712-0911b3b68b57;Samantha Oliver;bergdanny@yahoo.com;25.01.2022 17:01
33a1d1c2-ad4a-4155-809f-cd8f739cd488;Douglas Adams;brendafrederick@gmail.com;08.10.2022 17:01
41a8a6e1-65e0-4993-bf41-1fed1e70e799;Richard Lane;bmarquez@yahoo.com;22.12.2021 11:07
ff3e0ba1-0ac7-48b4-a418-65bf350d278d;Michelle Thomas DVM;phillipsamber@yahoo.com;15.08.2021 8:35
9f982188-3744-4a64-8c24-9558f2ad985f;Gary Walsh;christopher34@yahoo.com;10.10.2023 8:34
755a3ac1-32ae-4a20-9ac9-02ee25777cf0;Alex Phillips;lindseyrodriguez@henderson-evans.com;22.06.2022 7:18
d3b564b0-8be0-4c3e-9c94-938160c6b3ed;Ricardo Watkins;horntaylor@moss-patterson.com;11.01.2024 23:43
98a33736-fd1a-47ce-9ad0-a6f226bdd974;Shane Lewis;zhenderson@hotmail.com;03.04.2024 8:49
905c053b-25fd-4cbe-bce7-1b48fba52e59;Shaun Hubbard;tkim@hotmail.com;24.07.2023 17:29
6c596216-ae0f-4bc8-a36b-cb0167e98363;Joseph Krause;gmitchell@white.com;10.01.2022 19:30
ade7cef3-7ed2-4c2f-856f-3d95e0ae1a1b;Michelle Rios;stewartadam@gmail.com;06.08.2022 19:16
d5627386-528c-4241-a345-ac72eac39204;Tammy Evans MD;adamsdenise@yahoo.com;04.01.2022 11:13
a2939b3b-7fa7-4d8a-bf88-ec827f99d273;Cynthia Holland;jonathanthornton@harper.com;12.03.2023 13:17
8af58903-33b5-43ce-9fec-4623ab899605;Elizabeth Richardson;gonzalezcody@williams.com;12.09.2020 17:56
027c013f-3801-4399-ae6a-8e2f9c19ed34;James Schneider;xmoore@gmail.com;07.05.2021 21:06
bf3df0bb-f66a-4168-b4a1-ca795718ada2;Ricardo Mitchell;dcruz@duran.info;04.08.2020 21:25
52631db9-d170-44ce-9179-7350e6256403;Jessica Carr;glynch@crane.org;20.04.2023 17:18
dfde2281-25fb-4f3d-866d-7002091472ad;Kelly Martin;sherri29@huang-hoover.org;28.11.2022 12:05
27e969e2-c8bf-43fb-9a43-1f7a41c30359;Brian Cruz;zroberts@yahoo.com;06.09.2020 23:08
4b5ca436-953c-478e-a106-7a8cd7a3283c;John Ruiz;jennifermiller@hotmail.com;26.01.2020 12:31
786e30ef-ce9b-4e70-b4d4-dfccb7d779cc;Brandi Jimenez;nguyenkimberly@yahoo.com;06.04.2020 8:11
843b2a7d-15ab-4c21-8cc9-3ff710fce97d;Carolyn Smith;kathleen81@gmail.com;11.03.2021 3:58
10fc9eee-0a17-47f7-aa5f-24b6de6fec4b;Michael Valencia;margaret43@miller.com;28.03.2023 14:48
4cea2df0-0a66-4c4e-a168-1081399f8a8f;Andre Collins;christopher90@gmail.com;16.06.2022 22:20
72d6bc20-d80d-4a1c-8247-2fd603e9ba02;Tami Rivera;christopheranderson@garner.com;30.07.2023 10:36
ccf719ab-2922-4bd8-9ca5-b35354a1d505;Bethany Davidson;fchan@walker.com;31.08.2021 4:36
75f2bc20-a7f5-495c-9e62-d43f261908b9;Philip Barr;john14@yahoo.com;09.05.2024 21:11
61d9fe39-8147-48f4-9f0e-f320f7f60e7f;Michael Gomez;drobinson@martinez.net;25.10.2023 13:48
089b30a0-809f-4923-87a1-798fe6addd9e;Jennifer Silva;amandadiaz@davis.com;29.11.2020 20:17
cb4d18d6-adb6-4a35-9734-a26c92e94e89;Ms. Jodi Davis;ewatson@ayers-joseph.com;10.10.2020 13:41
99a2ecb1-c202-487b-849b-8a44ce1bb02a;Kelly Haynes;taustin@moore-conley.com;31.07.2024 15:01
6d265dd8-bf39-4fbb-938c-3460fd938adc;Cynthia Walsh;pbrooks@hotmail.com;19.05.2021 18:48
4a276dda-34c3-494a-812e-a9b8e7e13ed8;Anthony Randall;isandoval@proctor-walton.com;24.12.2020 7:04
6af79ad2-993e-48c6-a6b1-06e289110af0;Elizabeth Rose;stewartmatthew@jacobs.com;16.01.2023 4:38
d872298c-7b72-490b-b8f8-f071d360da69;Megan Smith;debbiewilliams@gmail.com;28.01.2022 7:50
9b8086da-6379-4035-b8e4-5086ca819c6f;Brandon Mullins;steven63@anderson.net;09.08.2022 6:19
dd620222-d9ef-428b-bbcb-50b3961d8dcf;Craig Brooks;georgerichard@wall.org;30.12.2022 7:35
e2a01335-a830-43ab-853e-4b42cc4da021;Julia Gardner;timosborne@hotmail.com;29.08.2021 0:37
4d6cd782-2e95-43ea-bda1-7da2000fc63d;Jennifer Garcia;steven57@washington.com;29.04.2020 0:17
552ae5ca-4124-405b-91fc-fe8881c16e98;Nathaniel Edwards;dmurphy@gmail.com;26.04.2023 8:41
4312ece2-dc21-41e1-be56-ac3d10cc8711;Richard Oneal;millerrobert@clark-rogers.com;11.06.2021 20:21
c5c14262-4d84-4ec5-9334-886ff164f9d8;Luis Yang;okelley@yahoo.com;29.05.2022 12:08
6238d0a0-cf5e-4ea3-a258-4ab368777bab;Russell Sutton;bwashington@gonzalez-gonzalez.com;18.11.2023 22:05
ef7e85ec-a417-456f-a9ee-7f3d0ff030b8;Christopher Scott;washingtoncarly@thompson-livingston.com;21.05.2021 1:45
babd4745-497e-4f1a-bd2b-f042209818d1;Carol Bush;eharper@long.com;21.07.2023 6:09
f11ddff7-0e37-4526-9582-a3bdd476fe38;Kristina Smith;deanna54@gmail.com;28.03.2022 15:21
2412579d-6af9-44e0-bb38-785b0932f5b6;Eric Mccoy;kellerarthur@yahoo.com;19.09.2020 21:08
9a1a7d6f-dd02-4100-a3d4-84087de8a234;David Reyes;lknight@saunders.net;29.06.2022 9:56
b2ddc481-ac6d-4df8-94e5-064cb799ae8e;Kristopher Castro;grace72@nelson.com;29.01.2021 11:54
5a4f4145-fc98-4279-8f6f-111c26c06e67;Jeffery Drake;christophercole@santos-thomas.com;04.02.2021 19:58
775e0ec3-9c9d-43f3-8901-8aee69407be7;Tracy Morrison;sextonjonathan@herman.info;10.06.2021 21:23
19faa06e-0c0a-4967-b579-501a62fda854;Jose Kennedy;pamela16@yahoo.com;13.04.2023 0:36
052daad3-26c0-4984-8734-bb05788c31f6;Nancy Gilmore;wpeterson@yahoo.com;16.05.2020 14:29
21f8c156-9e0d-445b-992a-34a1084fa819;Dawn Nelson;ebony73@williams.com;01.08.2023 23:29
b3386c3e-1af4-487f-92eb-dac5a1457899;Shawn Mccullough;rhonda30@gmail.com;19.08.2022 8:49
31e9ca80-58bf-4b9e-a624-5b598c94af98;Alexander Wells;sabrinasullivan@yahoo.com;22.10.2020 6:10
c707aef9-c6c3-444c-888e-03b662276cbc;Michele Lowe;barbersusan@gmail.com;05.06.2023 20:21
0f66b32d-e19b-4837-9c6a-4b5e7d859725;Brian Daniel;madeline59@gmail.com;06.09.2022 1:57
9d44c93e-7799-48e2-b368-c5539c30ceaa;Catherine Velasquez;andrew25@meyer.com;12.08.2024 5:39
a6855857-567e-4862-af15-1673a1df3da7;Lindsay Arnold;melody65@yahoo.com;26.06.2024 22:17
b6af98b2-aeba-42d0-b830-32491fd3af07;Jason Owens;ocarter@hotmail.com;21.03.2020 21:27
d960af85-c9df-4e44-8bdf-fa7d9f3dd894;Jessica Smith;megan57@orozco.info;16.06.2022 2:30
633cbf79-e96a-41af-b55e-3aa2208a393e;Andrea Braun;jason14@dunn-peterson.com;21.07.2021 17:36
beebb4ea-eab9-421b-8b36-b545cca1a034;Michelle Steele;timothy93@beck-baker.com;16.04.2020 23:08
fbbff9e0-ae56-402a-b521-ca9fdf5e6f78;Jennifer Ramirez;michelle08@hotmail.com;01.05.2024 7:43
dc45488d-84dd-49b9-9f1e-0ee9cf6c9992;Alexander Woods;rallen@schaefer.biz;15.02.2020 22:36
09c67417-306a-4871-beef-71cbc915d113;Nancy Smith;jeremymalone@lang.com;18.12.2022 12:48
5f1ff97c-71cf-4814-a45b-d776c838a145;Sandra Camacho;laura26@rodriguez.com;26.06.2022 18:53
5b471c43-7499-428c-b0c3-2323c1b199c4;Jennifer Padilla;staceyrichardson@fox.com;17.03.2024 0:07
f4dd05d5-1349-447a-a1cb-a182ca20854d;Amy Williams;joshuapoole@santana.info;03.02.2024 13:46
0a3c2c6f-ef2d-4a38-a6e4-b8df0b6d9611;Mason James;garzamadison@matthews.com;09.03.2020 6:44
06d2ed7c-e6ac-4d8a-8160-ff927c7550f2;Pam Wise;fergusonholly@norman-mccarthy.net;01.09.2020 6:10
91bacf80-aaa0-4996-8522-dc4ef1dd50bf;Wesley Spencer;richardtaylor@yahoo.com;04.04.2024 17:03
3acaaf82-374a-4cc9-a039-7e67926146de;Madison Nunez;fjones@kennedy-larson.com;24.06.2022 17:35
e27ac8e9-d1c3-41bc-86be-643217ee0eb0;Michael Reynolds;fitzpatrickmichelle@baker-williams.org;21.08.2024 10:35
809e2109-c786-4a38-a09f-1aede38690e7;Michelle Dickson;margaret76@ware.com;07.06.2020 19:50
81d1bf06-6b8c-46f2-8611-f583b2d10e3d;Sandra Willis DDS;paul45@carlson.com;21.05.2022 16:13
254bf7ae-1d0a-4994-b20b-575d4e28e674;Jacob Barnes;nelsonmichael@gmail.com;29.02.2024 18:02
6c0be55c-90e6-49e1-a44f-c3a96d0c62c3;Maria Jackson;marywagner@yahoo.com;01.10.2023 18:26
1ad1daaa-ef8d-4ff0-9583-1feeec41e6f6;Jeffrey Alexander;annerodriguez@yahoo.com;14.06.2021 20:44
6a480542-1965-4435-901b-b5fa6a677623;Darrell Rivera;michelle47@patterson.net;06.02.2022 22:52
f45da406-bbf9-4b01-a7f9-e728c618fc1e;Mario Moore;toddanderson@yahoo.com;10.02.2020 11:50
6e5bac20-725c-4675-8a95-71e407dc02b1;Kathleen Jones;clarkcameron@yahoo.com;27.03.2024 14:09
7f22cd12-07b6-408e-aac1-ca75afb918c8;Tony Johnson;hsanders@yahoo.com;26.05.2020 7:29
53125ffd-f655-460b-9d32-e231eb561699;Cassidy Pena;douglas42@jackson.com;03.12.2022 6:35
5a3da367-141b-4a1b-80a9-78bfb8f8903b;Dr. Jessica Reynolds;amandalynch@yahoo.com;14.10.2023 2:06
b1182d23-5bf8-4676-9f12-a0e912011caa;Jeremiah Rubio;zrose@carter-ramos.com;26.04.2021 16:29
2d8b5b41-590e-43da-986f-1721078548d7;John Huang;irodriguez@yahoo.com;02.01.2021 2:17
3b019fcb-f96d-4403-948c-93f3028d042b;Bruce Briggs;nthompson@hotmail.com;13.11.2020 12:37
98ba0f0e-120d-4126-9da5-3b38d1aa6c5e;Robert Turner;pettymarisa@bailey.com;08.07.2021 16:06
00d3d1af-353e-4c86-a4ae-ba79e4b82987;Robert Rivera;jeffreyrussell@hotmail.com;15.07.2023 2:55
bb6b0095-ac7b-4ab2-a8b5-6f85346d2b7e;Anthony Curtis;birdalyssa@mason-bauer.info;05.03.2021 14:20
bf7b68ae-1f89-41b6-a6a1-a40bf031f4b9;Colleen Fitzpatrick;twilliams@yahoo.com;12.06.2020 5:47
b080e003-5e7f-403c-8b13-47f601d6d903;Kimberly Harris;wilkinsmartha@yahoo.com;27.06.2023 13:56
3b9cea95-9ad7-458f-aecb-325b064f768d;Jessica Williams;diana76@hotmail.com;28.06.2023 7:05
743c7e9d-2fde-4035-a452-bc39dbf2eed1;Jackie Phillips;hutchinsoncharles@gmail.com;08.02.2022 3:51
b51d70d8-582d-4972-ba08-9ca81cc5a8a0;Andrew Williams;joshuarandall@ewing-medina.com;31.05.2021 18:31
0726d44a-2152-43c7-821a-a15ef58c43ce;Shawna Harrison;johndavis@yahoo.com;03.02.2023 4:53
55c36c3d-5cbb-4080-b547-5c5ef76dce6e;Charles Meza;kylewells@santiago.com;23.07.2021 5:09
4bdd5f99-4ae9-4e11-b5fe-0213792ecd75;Rebecca Jones;dustin67@morris-horn.com;14.09.2020 4:14
8d9ecfb9-f549-4e22-a0df-7f74efe78b60;Richard Wilson;paula92@russell.net;11.07.2020 13:58
97d01e70-2f1d-4bef-93b5-3b92a2cb5f38;Taylor Reynolds;scottmiller@hotmail.com;08.02.2021 23:04
88819f42-1a42-4629-94af-e646fe3216bd;Mitchell Griffin;sgonzalez@hotmail.com;24.03.2021 22:34
606821d6-280a-47ee-8ec9-85ff94b28b9d;Stacy Fernandez;kevinkeller@gmail.com;28.06.2022 10:30
200f7753-f217-4aac-a59c-ff81e5ce0ca6;Jaime Atkinson;dickersonvanessa@gmail.com;15.12.2021 14:50
82221345-50de-4292-b90a-9016cdec85da;Angela Hunter;morgan18@hotmail.com;25.08.2024 7:45
2f16fb50-c13e-46af-bc95-90d33e2aad3e;Shawn Wright;cherrybrian@gmail.com;02.08.2021 20:13
a9c72e7b-6b77-4df1-9f59-aa2c4a82e06a;Wendy Kemp;leonjessica@gmail.com;21.02.2022 18:34
99e8c828-21da-432c-9c68-d4fd0bd7696f;Erica Hale;brittneykim@yahoo.com;07.08.2021 19:32
b3c161c3-13f2-437c-a4d0-27590542bd75;Susan Allen;dmcdaniel@hotmail.com;18.01.2020 0:06
4ca49aaf-6b94-4e09-a1cc-14b312bdf75f;Brittany Sullivan;ramoserika@jones-crosby.net;07.01.2020 16:14
ed28508d-bdaa-4bfa-aab0-15638cffbbb1;Helen Campbell;ngarcia@gmail.com;22.08.2023 5:33
4c4b91fe-6c14-4fc6-9750-ca7e246cb09c;James Smith;zmclean@benton-brown.org;28.11.2020 7:31
3f80c31f-15a5-412c-9ac4-b6c7a31034dd;Patrick Schwartz;harold74@webb.com;22.07.2024 15:39
a3155940-5e87-405a-a1fd-cdf171df24d9;Breanna Wilson;troymiles@yahoo.com;21.11.2022 20:04
605dd4d6-0ecf-495b-877a-2133f2ed33e1;John Martinez DVM;james53@hotmail.com;25.09.2021 22:22
f642c8f3-6acf-49eb-8228-4fd9689bba65;Shelby Jackson;tonyahays@jackson-barnes.org;30.09.2021 10:49
70f8dd99-5217-4eb7-a6b9-20daba6a098f;Robin Morris;athompson@yahoo.com;05.07.2020 2:29
f3cc9d8a-4b16-48e4-9f20-f4063438b4e4;Mrs. Rebecca Thomas;melvin95@burke-haynes.org;09.03.2020 5:09
2f7a304f-f344-4911-974f-7a54788c161e;Collin Wilson;grayjamie@hotmail.com;25.05.2022 16:53
1cb66f67-46e7-45ad-9bce-35d8cbe88a3f;Dana Lloyd;vbarrett@romero-hawkins.com;19.01.2021 6:13
27649a62-b02d-452c-9b05-0db28ee4fd02;Tina Hampton;wrubio@gmail.com;06.10.2022 6:33
eda2fc4c-7237-4420-b3dd-77e1cbb02fe9;Kristin Johnson MD;jessicamejia@anderson-lutz.com;10.01.2023 4:58
6bf4d047-c484-4a8d-af75-1bde66163e5b;Vincent Fisher;nicholassavage@gmail.com;16.10.2020 12:40
f5a3e893-3f7a-4748-acbb-93c26e84f8ea;Robert Gillespie;twood@yahoo.com;13.09.2021 7:15
85fa2d5c-efe6-471b-9723-a95974151acc;William Sharp;rosariotaylor@yahoo.com;08.10.2022 11:55
a1ab17c0-7662-49cc-9af9-5c78247f4d97;Mariah Smith DDS;butlercharlotte@forbes-armstrong.info;25.04.2024 12:37
c149fa8e-7bb8-42f1-9624-d318a32652e8;William Frederick;jessica92@yahoo.com;31.01.2022 5:57
d4864482-0078-4b12-8b73-50d13421beaf;Michelle King;nthomas@yahoo.com;25.02.2022 3:10
764657ca-9e65-436c-b2f7-74b1b2f11ef9;Samantha Walters;htaylor@ward.info;05.05.2022 5:23
1d4d1180-4c6e-4fbb-b7fe-f6b501fda698;Curtis Bradley;tamaramoran@harris.com;29.08.2022 22:10
4d18c103-a100-4d14-ba92-cd28c4c536fb;Jennifer Li;michelle13@stephens.biz;16.12.2023 4:46
6c98f73d-27fe-4b4b-9bf1-f1d18b92c247;Deanna Johnson;davidgrant@yahoo.com;03.02.2020 18:56
17b18e6e-78af-458e-8058-a332b4cfafa8;Erin Wu;dianareese@jenkins.com;20.08.2024 20:13
f5feba5e-c295-4f51-bf67-ee1aad9d1f42;Joshua Gonzalez;megan07@yahoo.com;27.06.2022 15:56
67c21355-c312-4af6-8b32-992a3b7c1f9a;Maria Mullins;billy09@gmail.com;18.02.2023 19:21
0588d91d-fbe8-4a8e-a1cf-0d1d47b3df41;Jordan Payne;thomasjames@day.com;25.12.2022 13:55
ab2212c9-e23b-480e-8523-dbbb1eeed219;Manuel Cook;lesliesims@patel.info;26.01.2022 1:53
65ff6adc-41ae-43f7-8010-98240a614be3;Holly Wise;ocunningham@moran.info;30.05.2020 2:25
b5c03f6f-94e4-4c44-a3fb-dbda86ae9d5c;Jack Castillo;pearsonrobert@cooper.net;13.07.2023 5:39
bf1df687-1a1e-4042-b1d0-4b0f656fa7e6;Miranda Gross;watsontheresa@howard.com;14.06.2020 6:40
df0d6301-488c-4c4e-9a94-14b840aaec7a;Stephanie Hardy;logandillon@brown.info;24.01.2021 13:07
322f1499-e8a5-4f31-ac2c-10d0c15648ff;Tammie Duran;wjimenez@hotmail.com;29.06.2022 7:22
120961ea-0913-4087-95d3-8ca9986cc8d5;Sean Lopez;shanedaniels@gutierrez.info;31.01.2024 14:02
889c8ae2-4e3c-4f2d-8332-559dcad00273;Jennifer Long;michaelballard@gmail.com;04.02.2020 13:32
dc0520a4-87ba-4b90-9e41-5c4e57030ede;Jeffrey Key;lowejeffrey@hotmail.com;12.08.2022 17:38
c31277fd-eb83-4f16-a404-d8083fc18c00;Nancy Day;nicoledavis@butler.com;11.08.2024 13:43
dc66a27b-6a32-4333-916e-8a6429deb984;Arthur Cantu;smithlaura@gmail.com;25.08.2020 13:24
22696227-8513-491e-8862-2a674a294067;April Bartlett;heathermanning@mendoza.com;27.12.2020 12:02
35d4cd35-a08c-4a00-85e7-425092f078b8;Annette Moore;anitabaldwin@cherry.net;02.01.2022 20:43
f4a5cc36-692a-4bce-9af5-5c2688083ebc;David Orr;richardlittle@mann.info;14.03.2024 21:47
bdce29ef-6746-40eb-8b27-9c29a274c0d7;Joshua Coleman;rmills@saunders.com;06.06.2020 2:12
47534952-c9c5-4ef1-a76f-8a76c74f11cd;David Edwards;charlesmarshall@yahoo.com;27.05.2020 8:50
9177b6d4-5f2e-4167-b13e-ceb14ad12b4c;Dustin Franklin;shortraymond@yahoo.com;15.03.2023 1:12
1f9078d5-2835-4cdb-a347-b24fa0f9c074;Timothy Palmer;gregory68@yahoo.com;13.08.2021 11:12
66b62087-61a5-4fdd-9eda-4209b270af55;Jennifer Simon;uroberson@bell.com;03.09.2022 3:33
8f42cebe-23b8-40f3-b7cb-1a27974fdedc;Miranda Sanford;jessica97@hotmail.com;24.07.2023 9:48
a1d20ebc-5aa3-492a-8c88-b9d8ab12fb53;Bradley Yates;lindsey78@hotmail.com;25.02.2024 1:24
37cf8025-6a44-4a90-be0a-5a5679009c61;Allison Vasquez;strongjerry@parker.biz;14.03.2023 20:09
8066b49b-b1d7-42a0-bd25-cefb7a0a02ba;Tiffany Bailey;juan03@gmail.com;21.01.2021 4:08
f55b2e5c-a6ed-4ac0-be22-e1b751783032;Jeremy Manning;annatran@hotmail.com;25.10.2023 4:36
248f4a25-4cd8-4f24-b1a8-c9c60f6ab75b;Karen Lopez;qbrown@hotmail.com;13.03.2021 16:24
e32866d3-0d6a-48b0-beda-9ab9bec60ffe;Allison Kelly;smithjennifer@gmail.com;12.07.2024 5:25
5afb9565-068a-4c38-b739-076a9f032cdc;Austin Davis;ryanedward@keller.com;22.11.2020 12:23
fe2d9d1d-e377-4008-a416-59c078b61daf;Jody Anderson;terri97@ramirez-mcdaniel.com;03.04.2020 6:44
fa999f9b-86de-4365-98a2-30de02969326;Emily Alexander;johnbyrd@hotmail.com;10.08.2024 0:46
14d4dad6-ddfa-4808-afd8-643211035083;Brittany Patton;bridget34@jefferson.com;25.04.2022 14:46
ecb3d561-bdf0-4015-b305-ee95afb120f4;Katherine Fletcher;nadams@kelly.info;20.03.2020 6:47
5c7cbc62-01a4-47a1-a526-4961ab4414ae;Wendy Rowe;xerickson@hotmail.com;08.03.2024 2:03
00f520f4-9ef1-4846-9dbc-24fd0a8aa1e4;Jorge Long;amber59@yahoo.com;24.10.2020 13:06
a3ef802e-df86-43ce-8534-32cdffeb5d5f;Stephanie Davis;diazdavid@mcclure-jimenez.info;18.01.2023 20:02
e695f8ba-ba23-48fe-8ae3-02f3b31e9be8;Kathy Thomas;ericfoster@gmail.com;01.11.2020 5:07
92a651d7-c069-4542-a403-97213a082921;Cheyenne Johnson;nicolebowers@turner.org;28.01.2021 9:44
6f1bdd07-1aff-41ae-b0f2-c48549b564fb;Kenneth Williams;kevinstone@gmail.com;27.06.2020 16:48
62565a95-5487-45c3-b762-6f4975fd3537;Kristine Hart;mary93@yahoo.com;02.10.2021 18:42
a5e3a719-6bf5-4dfd-94a8-762b2b12c92c;Howard Anderson;zking@williams-hamilton.biz;23.04.2020 15:34
25e4979d-6f6d-4f79-affe-2554e5aef699;Jacob Rivera;ndecker@lambert.info;06.07.2021 3:29
25c29b6a-b575-4c6e-aee8-4bcb7281b8a9;Lori Rodriguez;csampson@gmail.com;06.08.2020 6:46
35783f66-2114-42d6-90ea-1324862f78e1;Whitney Diaz;tracyjones@jones.com;30.12.2023 5:50
596305b3-71b2-41e4-afd3-b9f2e90f79f8;Mary Alvarez;coxjavier@hotmail.com;06.06.2023 14:29
6d62e40c-638d-421a-bbc5-9e92ca1209ad;Daniel Butler;kristinetodd@johnson-rubio.info;20.11.2023 7:00
bad3116b-63b8-4897-bdf0-fe6bce8d75f2;John Caldwell;saracooper@bolton.info;28.07.2021 3:32
707421d4-3239-404b-8bab-5b51385c5fdc;Brianna Pacheco;hwilliams@gmail.com;05.10.2022 16:13
b5c25d42-9626-48c4-b44a-f454f0a61c5e;Lori Lee;allenerin@duarte.info;24.04.2024 7:14
0884fd16-636a-4f8c-a7e3-f52c0cbf404d;Chad Morris;tanyapotter@chavez.info;26.09.2021 13:26
defa7864-15ac-45c3-a217-cf253be95767;Robert Cooper;erika69@wolf-allen.com;15.10.2021 7:52
be3feafd-0e96-4d9b-9d15-8e442fcf3b87;William Bush;qwebb@gmail.com;28.09.2023 14:33
3baa17f9-2c62-4ac3-ad70-27cfa358cb1d;Kathleen Davis;michelle94@gmail.com;06.10.2023 23:26
162d5c72-9ccd-4e1f-8c2a-bdaa9c5c11eb;Jill Stewart;jerrysmith@morris-jones.com;24.06.2024 9:55
c061c99b-831a-452a-9e6c-8762b475e15e;Eugene Nelson;dhopkins@yahoo.com;25.09.2021 8:49
e2091f49-e0a1-4d2b-857c-799848d002be;Micheal Wilson;geraldburke@hotmail.com;16.02.2020 0:12
0dcf035b-7552-46e8-a953-a1155a62ddc4;Peter Collins;william16@yahoo.com;17.01.2020 1:36
aa66b464-8420-48d9-b261-d0d2a1c2d9bf;Sharon Lopez;dawn44@griffin-ortiz.biz;24.03.2020 12:44
8c141838-f468-40a2-a604-e5aff4db1c1e;Margaret Jackson;mcculloughrobyn@hotmail.com;12.01.2022 20:01
6e3c18c9-ef1f-40a3-bc02-ba67ee04bdde;Karen Allen;stewartricardo@hotmail.com;28.03.2023 9:36
413770e2-7d7d-41f5-b460-d20d94b9cdb5;Stephanie Mosley;terrykim@hotmail.com;02.03.2020 17:23
56525ce0-3725-4d0c-b9c4-5c38b440ffe0;James Davis;smithmichael@clark.com;25.01.2021 11:15
0d742256-0b36-43cd-8acf-eba4441030ae;Matthew Mann;andrea46@steele.com;13.04.2020 1:04
4a30f7cd-00fd-4c23-998c-a3b429b10823;Brian Chen;howardgregory@yahoo.com;28.07.2021 23:51
104dff66-23f1-467e-81d3-4690a795ac54;Lisa Davis;smithjason@hotmail.com;21.06.2022 12:04
38dfe76b-ae35-4290-ad80-ab08c963d148;Kevin Robinson;klawson@harris-richardson.org;03.02.2023 8:59
8ec9ea98-6581-4934-9bcf-b1c4f87e3560;Elizabeth Mckenzie;bmeyer@yahoo.com;26.12.2021 23:04
315e8080-7425-44e9-b891-aef5ebe0572c;Kiara Park;vmunoz@hotmail.com;27.06.2020 3:10
9b3a0c89-1a32-4148-9bba-c83856e9b78d;Lori Lucas;goodwinperry@day.com;09.02.2024 5:29
51abf5e5-cb77-4e24-95eb-3a3de2014a45;Steven Thompson;sheltonmark@gmail.com;10.11.2022 13:45
e4bacd78-74ab-49fc-8930-d17952ab793f;Nathaniel Lewis;denise90@hotmail.com;06.12.2023 19:56
85a1282a-0761-485b-8168-705a533c9a31;Stephanie Howard;scottortiz@hill.com;08.01.2022 6:54
14827a89-5e63-44c6-b0ac-79dd0b5aafef;Sheila Hopkins;atkinsondaniel@hotmail.com;07.05.2024 5:33
5882e3bb-8646-46c1-9eb4-e6c435a7c6ed;Jose Robles;frankconner@gmail.com;24.10.2022 6:01
4053b188-339d-48f5-9658-b1b33012ae1c;Mrs. Amy Bailey DDS;davismonica@gmail.com;04.09.2022 9:21
4d236555-bc50-44ac-baa1-72acac33f644;Ana Moon;lwashington@simpson-johnson.com;22.04.2022 21:58
6279d944-dc28-47c6-8453-98134fee7144;Brett Walton;frances32@yahoo.com;24.01.2023 13:38
df39ccaa-580c-49fc-bb69-e69041300879;Cesar Young;dalton68@hotmail.com;23.03.2021 7:16
4e49df56-0b64-4acd-bd6e-2667b6651d6e;Mary Dalton;lepaula@yahoo.com;03.11.2020 8:50
025b7c5f-1284-49d7-8d4e-2753ef26a5b7;Marcia Olson;wbyrd@smith.com;21.02.2020 2:31
702dc88a-b97f-43bb-becc-040c75ff93f0;Mary Nelson;randallkelly@rodriguez.com;26.09.2023 23:23
6980b561-cf1a-4cc1-aaca-38110c26e5d9;Marcus Howell;amandabrooks@gmail.com;31.05.2020 4:19
70aaf525-75e4-47dd-be5b-637dfa98c115;Craig Kelley;yjones@mueller.com;18.10.2022 20:21
3dbba3af-14db-4d22-95ea-e9d21e3d59d0;Emily Thompson;grantpaul@hotmail.com;08.01.2021 17:11
275f275c-c3f3-474d-9386-1b58194665d3;Joseph Rice;terrykevin@bridges-williams.net;03.10.2021 15:24
36a5be06-eb52-4e01-a25e-651269fcbef0;Kimberly Hopkins;lhuffman@hall.info;03.02.2021 15:58
d16903f2-13bf-49fe-9cdd-9f6c70cdc4a8;Emily Flynn;qrodriguez@macias.com;23.07.2021 17:47
e2f88051-c13c-4688-8f1b-5be16d4ba69c;Gary Snyder;wilsonrichard@faulkner.com;23.10.2020 4:55
f57b8a92-0a12-43b3-a4fc-0dbad44f85e7;Nancy Johnson;linda39@myers.com;30.12.2020 0:28
38553ac8-7d71-4591-bfee-2fc72e2dffdf;Renee Smith;heathergriffin@robinson-howell.com;12.01.2023 2:52
476c4878-deff-4d7a-9728-525620ca35ab;Alicia Taylor;bondgrace@yahoo.com;02.06.2022 1:26
fea2a33a-51d1-4bcd-9a23-754bef38d426;Amy Solomon;stacey81@hotmail.com;04.03.2021 12:10
e64ddd91-8e9b-485e-9b77-0deb6f51ea78;Pamela Leonard;samanthaortiz@harper.com;09.05.2022 17:11
c9fe6036-8a83-4fc8-9c2e-55624916e844;Monique Jacobson;sharon64@williams-burton.biz;26.02.2022 20:56
c707e77b-4bf0-4e53-b608-8c973380dcfc;James Banks;tonya06@gmail.com;12.04.2020 18:18
764ab510-9acb-4588-8397-d4127118bb71;Meghan Richardson;elliottjustin@rivers.org;08.12.2022 14:13
45c596d4-42d0-4ba3-a265-2c9e89421c6d;James Williams;fdavis@williams.com;27.03.2023 3:34
9d683a9e-1e65-4ac1-843d-2c473b56735e;Laura Blackwell;hopkinsjeffery@norton.com;14.12.2023 1:56
2c2df3c2-1951-4f87-b63f-83c6c89309e9;Jennifer Rowe;jessica90@yahoo.com;02.09.2022 22:35
37d316a4-3faf-4217-aa27-241fbb9e5a02;Mark Velazquez;awatkins@yahoo.com;23.04.2021 8:12
ff4533fe-bc6f-46ac-a139-d15d48d8b9ef;Emily Ramirez;robinsonjason@spence-anderson.info;26.06.2021 5:31
89181ba3-bdee-4231-81a6-009ea8dce886;Stephen Peterson;butlermark@gmail.com;03.04.2024 6:20
0cbdc014-dbed-442e-ada3-13e783e9973b;Gary Adams;gregory35@yahoo.com;10.04.2024 4:43
45c190a8-a52b-40ce-a27b-585f1f2de275;Jill Ferguson;ian93@yahoo.com;16.03.2021 11:05
908e0372-bcbe-4a42-b89d-3fda1e454241;George Powell;lcarrillo@weeks.com;08.08.2023 4:24
b76fc5b2-acc5-42df-bac4-9efa5be12d09;Diana Horton;brianacox@rogers.info;03.09.2021 12:41
483c1a4e-a91d-42cd-8bf0-6f64b4178592;Terry Owens;christopher55@norton.com;30.01.2022 0:00
e6cd3595-d4f0-465d-bd68-17b638b80611;Jeffrey Singh;michele90@ewing.com;02.10.2020 8:44
4eb98768-84a5-41c3-9095-e4973d798f0b;Robin Anderson;michelle41@hotmail.com;06.08.2024 23:21
5f89d54d-3bcd-4aec-93ca-8c05acb5959f;Karen Tapia;sherrywilson@patel.com;03.03.2021 18:06
9501e917-496d-427b-baf2-f402a0e624f1;Todd Lee;haley11@campos.com;09.01.2024 10:41
03f7ba05-cf4b-4315-a325-4d812bdfb727;Debra Randall;allison43@glenn.com;21.04.2024 18:20
5df2e073-53f0-4099-813d-d49a8d99743c;Scott Stanley;qsnyder@larson.com;18.04.2022 6:37
cfdef303-0679-4b47-a283-453695decd6e;Timothy Hamilton;patricia42@nguyen.com;10.10.2020 12:02
27be0381-6544-497d-a078-9f97213c121c;Ryan Brown;nrogers@ballard.com;20.07.2021 19:24
fdc12930-82ae-452f-ad40-76bcf9cb2ee8;Omar Davis;hillanthony@parker.com;18.03.2020 20:21
34dd7624-c3d9-43b0-a2b5-6be11392a255;Anna Ayers;qtaylor@hotmail.com;17.04.2021 5:51
7f2a2e65-c659-4f7f-aa45-5fc7c80cb483;Justin Lucas;tcole@alvarez.biz;24.08.2022 4:49
f8247e70-b219-4ff3-846a-c0d691ca9f9e;Brendan Freeman;cgarcia@jackson-morrison.org;23.03.2024 19:26
21d32e24-bb89-4746-bc3d-a91136a52df9;Steven Harris;devinholmes@gmail.com;21.01.2022 10:02
62759469-c28d-4ad5-bbd3-147dd0f0c75d;Kyle Wallace;michaelmoody@vasquez-shaw.com;27.07.2021 22:16
21ee302e-974d-4d49-9bc6-98825a7c831a;Charles Larsen;kelly87@hotmail.com;07.03.2023 8:36
eaf94919-e69b-4971-bf9b-76efa1057256;Stuart Shepard;victoria03@benson.com;10.06.2024 4:14
06a8e22f-d57c-4f0d-9db3-466d1ba6cc61;Tim Baker;lreilly@walker.org;07.06.2020 7:50
7d3c279b-5bce-428b-989b-b03086c47b06;Erika Griffin;chobbs@gmail.com;29.12.2021 11:29
f568c9c6-033c-4469-8f06-ea1874a26444;Kimberly Webster;lacey25@young-carter.com;12.08.2024 7:50
29bccee9-a71b-40ef-8e36-b82f3856be31;Antonio Cooper;deniselewis@hernandez.com;16.09.2023 21:39
cf2a2198-7ea4-46f5-a10b-4aada92d6b05;Rebekah Howe;lori17@nichols.info;14.08.2024 19:32
8bc88bcf-7b1d-4049-bcc4-616df40d2a37;Erin Olson;daniel49@jones.com;10.03.2024 3:46
142a6c95-d908-4a42-b448-0761505e9c9b;David Savage Jr.;johnsondavid@morris.com;06.04.2020 18:44
66dfeb1e-9ab3-4c27-a32f-8c5b425832c0;William Castro;matthewgarrett@thomas.com;26.01.2020 11:21
5100f186-d25a-4049-b0e9-be17b4134208;Abigail Cain;qsmith@hotmail.com;04.12.2020 0:35
f19b43da-6253-4fe3-8aae-b212c90ded29;Selena Navarro;clarkjanice@johnson-hayes.biz;25.11.2021 2:58
50ae2652-09cd-4bdf-b56a-f7370f2670d2;Mrs. Natasha Kirk DDS;ukramer@hotmail.com;12.06.2020 15:10
3fe65f90-f631-481e-bf40-1e04b9f94ec6;Sabrina Nelson;edavis@yahoo.com;25.02.2020 10:48
ab1e6794-70f2-497a-9ceb-201357d9af8d;Jared Johnson;millermonica@neal-roy.biz;25.01.2023 21:51
39d5b552-a867-40f0-a8e6-a772b9cde60c;Roberta Anderson;theresa70@shaw-torres.org;02.11.2021 6:13
298e9a79-abec-4c0b-981b-a30742965873;Erin Lawson;brianjackson@nguyen-morrison.biz;14.06.2020 18:29
92d6ff73-5b3a-4595-8458-92c14e0e15d3;Jeremy Lynch DVM;martinbrock@thompson-oneill.com;04.01.2024 18:46
a1645f58-bb78-4b2d-8ee5-144d8a1d8b42;Alexander York;jeffrey89@french.biz;31.05.2020 9:45
7db931ce-05a0-4421-9a79-b46a26b61b06;Renee Moore;arussell@gmail.com;30.01.2022 21:01
3dd0c866-0649-4ef5-8fb2-de1ea0b976c2;Peter Boyer;kylehall@schultz.com;10.03.2022 14:14
f20e8bda-39cc-4d88-832f-594d0b82b61c;Tammy May;jamessmall@hotmail.com;20.02.2021 6:13
d22a3a62-1109-4978-93a0-81a6a7647989;Jason Chung;andrejohnson@anderson.biz;31.10.2022 23:09
a9fa4ea6-f8db-4a4d-984d-3c020ff9d318;Timothy Ward;millerkevin@rose.net;31.07.2022 13:51
ec071cf1-e476-48ec-a2c7-1d046c32faff;Robin Davis;jeremy81@washington-spencer.org;19.11.2021 23:01
245db6ca-6f6a-4196-b2ef-7dce376e22a6;John Strong;xyoung@hotmail.com;28.09.2023 3:06
a629d332-2d4b-45a4-8fdc-13515ba830dc;Martha Lee;wheelermariah@coleman.info;20.01.2020 5:20
c90853fd-fc9e-4692-ba62-6aee542d19c0;Jamie Baker;morrissamuel@clark.com;30.01.2020 6:14
027752fe-61f6-4c6e-a89c-0559bf4fa4a3;Jessica Stone;nancy62@mitchell.com;09.03.2022 21:18
88a0edce-4384-460c-a413-961f68c6dd5e;Amanda Russo;heatherbrooks@gmail.com;22.10.2023 4:36
fb0a6a90-bc52-434e-8dfa-4cc88805ae31;Ryan Liu;dmahoney@garcia-lindsey.com;30.10.2022 9:34
c2537638-7670-4835-b476-998dafc8128a;Kara Boyd;donaldlane@hotmail.com;13.03.2023 0:01
1f626a97-ebe7-4f91-9092-0b690abc847e;Jennifer Reeves;kathy80@morales-gutierrez.com;11.07.2023 16:10
2bdb5720-63ea-407f-b436-498e68afe2b8;Gabrielle Best;donna78@joseph.info;14.10.2022 9:34
9f312acb-2362-4bc1-8024-532000cbd313;Elaine Martin;kpearson@hotmail.com;19.02.2022 15:56
d70da545-8391-47a6-a977-4b71de6d2d7e;Diana Lamb;fclark@simmons.com;09.04.2020 1:01
1463c5f8-25ee-44ab-b319-1702bb80d98d;Heather Gray;wandahatfield@yahoo.com;18.11.2020 18:57
d4088ff7-d713-4061-bcc4-f772547e3918;David Lutz;paulconway@walker.info;25.02.2020 1:16
f22a4fc6-3f2d-48a8-ad20-481ad216ad53;Sharon Johnson;allison17@yahoo.com;24.11.2022 3:08
e575ae93-ce74-4e8a-b4e1-680b05a02c72;Samantha Morrow;donaldzhang@gmail.com;08.02.2024 13:20
d69db137-c9a5-4cd1-be28-e8c52b395c4e;Jennifer Jones;haley35@morton.com;30.09.2023 5:32
b7c144fb-2b16-4d04-8fb8-7c76af044a8d;Kimberly Robinson;ayersadrian@gmail.com;25.07.2021 3:40
dd5aacc7-ed7a-4edf-ad5b-7d501417d4f9;Victoria Moran;jamesangela@gmail.com;27.01.2022 7:10
a0e77486-9ed9-4124-9a89-5c62990e8f01;Patricia Cochran;leeheather@bishop.com;28.10.2020 10:40
9d6c84af-266b-4d37-b5c9-9b49751f7e54;Larry Franklin;brenda60@yahoo.com;16.07.2020 2:36
571aa4f6-40a2-4015-8a40-a3799a1ab357;Jessica Green;thomas04@gmail.com;12.02.2021 2:36
606375b8-bb93-4826-bcee-9d29ce4f1ca0;Katherine Smith;john43@hotmail.com;05.03.2022 11:00
e3b4df81-eeb3-462c-a032-149d06fafb60;Cole Vasquez;danielleyoung@summers-huang.net;21.08.2023 11:55
5bbdd1f4-16f1-4aad-bf10-7645094c0230;Kelly Andrews;connorfrench@dunn-dunn.com;15.02.2020 0:39
754724dd-269b-4c3b-abf0-f4bd4af0a6fe;Anita Watson DDS;egonzalez@yahoo.com;15.12.2020 4:53
298b7e5d-5b16-44ad-81e7-74de3c740119;Sophia Oliver;colemanmichelle@castro.info;07.04.2024 8:03
566ff3ec-679b-49e8-80c3-2da9bc49b58e;Stephanie Conner;andrea61@hotmail.com;24.03.2024 6:31
f1c58f44-7e08-4c1b-8da6-a326451437d6;Alexandria Gutierrez;vjones@jones-gutierrez.com;21.05.2022 1:34
87c47eb8-4f8e-4e01-83c8-e1046480fdc0;Victor Serrano;kylehunt@hotmail.com;11.08.2022 8:06
780afabf-8cea-409b-89c9-4aa5e689e5e8;Brian Elliott;abigail73@schultz-williams.com;14.11.2021 11:59
88239867-c5dd-467b-88f1-100bfa3222c4;Nathaniel Hood;sarah97@hotmail.com;02.01.2021 2:35
ef208346-432f-4308-8d56-206d920c3de9;Sabrina Smith;christopher02@patterson.com;13.06.2021 11:05
6522ff46-74b7-461c-89ce-15a8afd4fc7b;Jeffrey Marshall;debrarichardson@macias-johnson.com;15.02.2021 2:00
58ba0bf3-675e-4c52-9eb9-5739b8acdd81;Casey Berry;dustin19@hotmail.com;11.01.2020 17:07
45e695b1-054b-4816-8d18-533e7efa2faf;Maria Smith;meghangriffin@yahoo.com;10.05.2021 17:43
4100e665-08c6-46a9-bee4-e6bcbd6deb92;Brandon Long;bmullen@yahoo.com;05.12.2020 17:22
b3e4bd3a-94fe-41a0-ae2e-45a4ae4404d7;Morgan Curtis;aali@obrien.com;08.10.2020 16:11
feb46b24-4a2e-4d41-addb-0263c6a2894d;Sean Foster;davidchapman@burton.info;07.07.2022 1:58
c33993f2-3504-4f77-8317-c3d4afa4f554;Carolyn James;mark71@gmail.com;04.06.2024 4:09
62d59938-571c-4d78-8429-aeae877e5ea1;Lorraine Stone;debbie69@hughes.com;27.12.2023 5:03
402988fd-f8cc-4f3b-959b-148ffa7bff5f;Robin Carlson;nicole06@mckinney-brooks.com;14.06.2023 7:44
fb52451d-90e7-41a1-9db1-dfdc357f0a64;Jennifer Palmer;lmorrison@hotmail.com;01.02.2020 20:51
f16f1487-f7f2-4e5c-8e07-55e354565b12;Sara Gonzalez;vcook@montgomery.com;20.02.2021 7:59
ac825818-960d-4788-be1e-165decadbb86;Clinton Gonzalez;westfrank@hanson.com;16.12.2021 2:32
e02a35e9-ae6b-4c8e-8864-4581b8577478;Bryan Todd;christopherfitzgerald@gilbert-armstrong.com;30.09.2021 4:20
de386aeb-ea96-4be6-a99c-f16b5a7583c0;Eric Thomas;valenciavalerie@archer.biz;07.02.2024 21:49
d8a1a546-54a6-487c-a72e-aa36e642965c;Jennifer Brown;carolyn90@gmail.com;22.08.2023 13:16
95be263b-0253-4c8c-91f0-c570bf5545ce;Robert Sherman;elizabethquinn@gmail.com;21.08.2023 6:04
27fa8b8a-909b-471c-8d1f-0a7fd0fce922;Shannon Jimenez;hinesanthony@gmail.com;16.02.2022 7:16
4a8b77da-5cfa-48b1-9836-78eef3ca5f64;Rachel Ortiz;deannamurray@davis.net;30.12.2021 11:27
7eaf1679-52b0-4994-8b1d-d9fda02ebb76;Justin Ramos;virginiawood@gmail.com;22.06.2024 18:27
6e566274-99c7-4bea-a756-264dc8649f78;Robin Ellison;bhess@cruz-dean.com;14.03.2020 9:18
c9d0a7f4-0042-4fc6-ab87-71dffccae6b8;Kelly Lewis;rodriguezeric@hotmail.com;28.05.2023 22:43
711fa10a-0b29-45c6-918f-f3582408c3c2;Danny Daniel;jessicajohnson@gmail.com;19.03.2023 22:02
0262a5aa-edec-41ef-9762-762620379089;Brittany Martin;matthew56@yahoo.com;24.03.2021 14:31
e8ef99e9-7afc-40cd-b8bc-6621f2d7fe55;Brian Harvey;leemolly@ellis.biz;15.11.2022 17:43
a9afa87a-d181-49bf-aa09-9a46f25a3c68;Kelsey Clarke;crossdonald@cohen.net;24.12.2020 19:58
9cb9f9aa-bf4d-4eaa-81f2-005bc7537df5;Dawn Cannon;carlawilson@solomon.org;05.02.2022 10:01
efa2ce12-8c83-4848-91fb-a56e300a2187;Andrew Robinson;michaelstewart@yahoo.com;30.08.2020 0:48
d48457df-f325-4f2d-8759-5b016c835975;Louis Chan;jenningsamy@riley.org;08.10.2021 0:56
10339310-2b7b-4e99-878f-40ed2c805ac7;Patricia Walton;lhernandez@yahoo.com;12.02.2023 19:54
94665d45-284b-4bcd-a3af-11d0a8ab29f1;Cheryl Wade;paigewilliams@gmail.com;19.09.2023 3:47
a1d33772-8101-4c5b-b110-397a1c2c7a34;Debra Watson;stephanie53@yahoo.com;27.02.2021 13:44
627b9de7-9ae4-45e0-8b1d-c2f8cbf1f93c;Zachary Terry;deborah59@gmail.com;11.07.2021 11:11
4fb7c3bb-4408-404c-af44-6806c1378e75;Cory Peterson;sarah24@gmail.com;29.12.2020 3:02
c74dd25c-6dbf-459c-837d-975248f3531c;Ronald Lopez;utate@smith-wood.com;06.09.2020 11:12
47caf779-b7c9-4da8-91db-32f8fda834ea;Joseph King;xlee@michael-thompson.com;05.02.2024 19:32
86fadb0e-89b1-40d4-8218-ca25f23db306;Tyrone Mckee;gary29@glenn.com;15.06.2020 20:34
579e9a46-fd76-4f63-9163-de1d8df7a267;Joseph Williams;bergerluis@perry-mullins.com;23.10.2022 14:28
6e83a7b2-c857-48c3-b4a0-697630a31251;Brian Ballard;csanders@gmail.com;12.08.2020 18:11
01847803-d840-4ccb-a446-eceecaa0a679;Eric Miller;alexandra54@yahoo.com;25.02.2024 7:17
c8dec9ab-27c3-4784-82e7-448cc0037457;Kathryn Henderson;gilbertdavid@gmail.com;16.10.2020 8:47
c81236e6-ec77-4fc8-b38e-5adba93fa902;Cassie Salinas;swright@collins.biz;13.06.2023 5:53
76d142d0-5c66-49bb-a257-4c5a903374bf;Ryan Stevenson;bryce03@yahoo.com;30.11.2020 23:16
e994f3e6-8fc4-4dd3-894f-7d5af313c0b0;John Phillips;wilkinswilliam@bryan-perez.com;22.11.2021 12:26
cc68fd3f-9d37-4a5c-a2fc-7fe3696100ac;Sarah Ryan;millerolivia@yahoo.com;05.11.2020 18:55
e65a3ae4-3a72-417d-829e-d120cddb2316;Angela Owen;vasquezdavid@wiggins-lindsey.biz;28.12.2022 12:52
fb46ed39-8772-4347-9cba-9be3040464c0;Derrick Murphy;nancy72@hotmail.com;01.06.2024 8:31
31cb5e8e-ae25-42ca-a894-8b4cf0fcccc6;Ashley Downs;vanessarandolph@farmer.com;25.05.2022 3:08
b3390a6e-a0b8-4e45-9abe-c113a1832fdb;Mark Hunter;munozrebecca@hotmail.com;03.08.2023 7:15
bc39e1b3-bb1d-4677-84e6-748a7f3ab7dc;Ralph Morales;omargarcia@yahoo.com;01.08.2022 4:31
3df8eeef-e44a-41f6-9251-ad083fcb34fa;Dr. Eric Thomas;cabreramatthew@martin.com;30.03.2022 7:55
c2112eda-f1e7-4a9b-af65-70d74643d705;Michael Jones;perezryan@hotmail.com;30.01.2021 4:52
92b95731-13f2-4c86-ab83-f00fed2ee36f;Andrea Rodriguez;dawn79@gmail.com;07.05.2020 15:13
b6bca2a2-be79-4965-bc9a-923672bbe7b3;Edgar Rodriguez;dyang@gmail.com;22.06.2023 20:50
e51c0cdb-8247-44df-9d1f-8e30731c877a;Theresa Estes;xdominguez@robinson-perry.com;06.10.2022 13:33
19b53b7f-b47a-4dce-8f70-9452ce8c037e;Dr. Kylie Powell;gibsoncynthia@warner-montoya.com;13.12.2020 15:58
70c455a9-2a1b-4112-b033-1476f53fc3dd;Kelly Perez;jimrodriguez@gmail.com;15.10.2022 19:14
6d3f4b37-ed90-41c1-90b2-e6e5ec6e61bd;Carla Pearson;tommysolomon@garcia.com;24.10.2022 7:58
4598244b-f0bd-4405-a50d-d400a27ee80d;Kimberly Thomas;jonathan58@hotmail.com;01.06.2023 2:46
c1fa924e-e1bc-4fb2-afed-6cc540b000a4;Jorge Reynolds;michaelmcguire@levine.com;12.09.2021 2:00
53e83663-9c14-440d-9b2d-81ccc602bd20;Kyle Beard;jacobscameron@gmail.com;09.09.2020 2:34
7e15aa2c-07b6-428f-8e98-ce2517337a7c;Catherine Barrett;pricebecky@hotmail.com;27.06.2021 7:56
33e9e55e-4024-42a3-8334-f55802cee581;Chase Palmer;wolsen@gmail.com;30.12.2022 8:08
6f844392-62f9-4bb2-a5dc-ac6cc329870a;Danielle Navarro;austinlopez@gmail.com;24.05.2021 0:24
ac4ebce0-a02a-4b21-a2a7-d0fcc683ad33;Tracy Garcia;zhall@yahoo.com;20.04.2020 18:16
d2928f4b-e151-4a0d-b275-16ea63a6aae9;Kelly Wolfe;lisa61@valdez.biz;09.09.2022 2:27
5ac5f4f0-771e-4087-952b-1ee109d5b64f;Donna Keith;garciasamantha@yahoo.com;13.07.2020 5:52
907d8532-2076-4932-919c-21edd47133e7;Andrew Buckley;loneal@lee.com;19.07.2023 21:03
d26eeeba-53ff-4644-8741-ee56b5e2834d;Michael Robinson;iking@gmail.com;03.06.2024 22:35
ebc16f69-7946-4978-a5e9-675306389bd3;Gina Sharp;zhowell@gmail.com;20.08.2024 5:01
14dc01bc-0aa5-4583-a2a5-a421858da7da;Stephanie Pratt;anthonyrivera@hotmail.com;27.01.2020 16:35
5c6be596-58f1-4c91-9d6d-47e490e0172f;Cameron Powers;cwhite@gmail.com;14.05.2023 10:40
b7a02afd-30d6-463f-91c2-72d801267789;Michael Mcneil;jeffreyhanson@hotmail.com;28.01.2021 9:55
789a2829-8a66-4359-abe0-a1771c5e1698;Jeremy Cooper;psmith@kennedy.net;26.10.2020 8:41
d763b159-ed9a-489a-9085-2f4f0b09ec41;David Gomez;alicia10@yahoo.com;26.02.2024 3:02
067fece7-f1ff-46dc-b45a-a79bd855fb35;Ian Gould;harristaylor@wade-willis.net;07.11.2021 12:23
2011bc8a-e7bf-4a96-a484-9eb55096ccf2;Alan Hanna;billy29@dixon.net;10.02.2023 10:17
a2b4d215-c3c5-407d-be29-2238fbfbe602;Elizabeth Leon;charles75@hotmail.com;08.06.2022 13:11
2462c274-abbf-46c7-a80a-ee2a466bd06f;Scott Wilson;daviswilliam@silva.biz;29.01.2020 21:54
ddda17a3-6779-4e0d-a5c1-df67987d616d;Charles Conley;joseph71@yahoo.com;19.01.2024 21:33
29b49664-0f52-461d-82f1-240d4e5c6dd2;Thomas Carter;jamesanderson@hotmail.com;28.03.2023 6:30
e91e70af-224a-4354-a490-7635201910c6;Matthew Sanchez;rpineda@yahoo.com;09.04.2020 23:59
b75db71e-a453-4fe9-b48f-653e7b1bcb6b;Pamela Contreras;kevin07@yahoo.com;22.03.2020 1:27
bad4c288-0bf5-4ed8-b93c-2989c399fd7f;Mark Fuller;michaelreid@gmail.com;22.03.2023 13:26
d2d07223-0b20-4e0f-8505-0a17d2e1ed4d;Joel Chen;ronald31@johnston-green.com;04.06.2020 23:39
b2835498-be80-493e-b0f1-bb1d8e10fed6;Christopher Gaines;vcraig@bradley.com;01.01.2022 11:28
2e22fd39-f31e-4448-a323-c57fa197b954;Sean Jackson;harrisonsherry@pope.com;01.05.2022 2:29
d020baee-95fc-4389-8cd6-6756583e26a4;Susan Davis PhD;wtran@yahoo.com;28.06.2024 17:32
2ca723c4-8f4e-4442-94aa-aefe153251c9;Sharon Crawford;campbellkarina@smith.com;01.03.2022 14:31
ccd9f2af-339c-4a75-83fd-46ffd03459a4;Richard Doyle;shelbymartin@gmail.com;11.12.2023 5:36
b56b9357-b34d-48b0-93f3-c15842ce91c0;Victoria Hammond;paullong@bates-aguilar.biz;09.06.2022 7:43
8476af98-425d-495f-8846-bf9040fe6898;Timothy Wagner PhD;jamesgrant@gilbert-may.net;22.12.2020 5:05
e8f58c5d-ffa0-4419-b4db-cc40ef7dee1a;Carlos Lewis;patricia68@yahoo.com;17.10.2021 3:32
72e6316e-e671-4ad2-81b5-468a27bb1580;Charles Williams;diana06@gmail.com;24.06.2023 14:26
a1ee691a-09e1-43b0-a71f-27728d7f7ba5;Leslie Barber;tnorris@gmail.com;09.01.2021 13:25
83210210-a43c-491d-ad4d-a4ef95e38180;Jody Cole;bradykaren@anderson-green.net;09.11.2023 20:02
50eaa1d2-c1f8-490b-a55e-44b808a6d5b4;Luis Fields;josephclark@gmail.com;11.11.2022 22:56
31610b3d-1257-463c-b25d-cb50d15b5985;Tonya Warner;brandonmendez@yahoo.com;04.06.2021 2:19
9c63765b-74e0-4bbb-8a80-33a7a5fd89c8;Leslie Spencer;andrea65@gmail.com;21.10.2023 3:19
85b303d3-756b-4c0d-8ff0-c8ac3d1cd68c;Linda Todd;melvindavis@robinson.biz;01.05.2022 11:52
e9a4a856-556b-40fa-b5a3-cece28cdc38a;Keith Frost;fowlerrobert@gmail.com;24.07.2020 10:05
c5826444-79fa-4501-a287-401ba7bbaa76;Matthew Rojas;ellisjustin@yahoo.com;10.09.2022 1:18
1519401c-8b1f-4137-8ea2-55e08e50c79a;Laura Mccann;qsimpson@yahoo.com;31.12.2023 16:56
00a1402e-57e7-4f7b-8486-10cfd21276c2;Kayla Chavez;snguyen@valencia.com;03.07.2024 19:44
1a9e8547-147a-48ac-865d-8e4ed01e488b;Kevin Collins;jonathon03@gutierrez-kim.net;02.02.2022 10:33
91fd7d4a-5a31-46a6-9b87-cc5e6d7fe9b2;Michelle Cline;ehodges@stone.com;11.09.2020 4:37
60c8e5a0-d560-464c-95f7-792a739ac9e2;Rhonda Randall;christopher81@hotmail.com;22.05.2022 13:53
d7604342-fcbc-4229-9caf-a108832c9b79;Erin Chapman DDS;jontaylor@gmail.com;23.08.2021 7:36
22d80170-1e6c-4d83-a2f6-2516dc88b09c;Mary Giles;justinscott@garcia.com;08.10.2020 8:06
2ebed37d-05d1-46b6-acee-c38d511fcda9;Eric Ford;sanderscharles@martin.org;23.01.2024 6:22
567fec5e-04ea-481d-a006-8c1cbbd743b3;Susan Porter;stephaniehenderson@salinas.com;26.03.2020 1:20
0b4cba0a-317e-4b1d-9b83-acd5e2ccddd8;Scott Robertson;hornshannon@hotmail.com;06.05.2020 4:06
b2e74e77-0fe1-4edf-a538-790169f12ccd;Deborah Landry;oshaffer@hotmail.com;30.07.2022 15:09
e963544a-63b7-4101-8bf8-e26a4fae667b;Jeremy Woods;laurajackson@gmail.com;11.08.2021 12:23
cb60fefc-c47e-430e-99b7-02a20d5f024a;Peter Johnston;wudenise@gmail.com;07.12.2020 13:38
eb1c3ba4-5b9e-42d0-ab0c-9fddb61b03e9;Lindsay Phillips;qwells@wood.org;12.03.2023 9:33
688181a8-13d1-4a49-ad46-9bf4d5cf2dc4;Brandon Cruz;deanna30@hotmail.com;28.06.2022 9:38
9aa909f1-5adf-4d04-b0d2-27180dd35d11;Gregory Weber;hodgefrancisco@yahoo.com;06.03.2024 2:06
417df4f8-c1a7-4e00-9ec1-2fa2e6df12ce;Nicole Walker;zgibson@miller.biz;03.01.2021 16:25
d95e17e1-900f-42f7-8f4b-4ed5ac1d02e8;Walter Owens;iwilliams@yahoo.com;29.05.2022 3:29
2e402534-6987-4052-b421-9d3ecdc39412;Bradley Mcdaniel;levinejuan@hotmail.com;30.06.2021 17:20
439f4b86-cd6a-4e0c-b427-965607db34e0;Anthony King;elliottyolanda@yahoo.com;03.09.2022 10:53
106861d3-633d-4c54-b304-59cc30c42d61;Evelyn Brown;shane97@smith-martinez.com;12.07.2020 13:06
06b42b6f-1f94-43c8-98a7-75945b8c4949;Carrie Mitchell;trujillorobert@gray.com;21.10.2020 16:06
675d0855-2d55-40c9-8576-598359cd012a;Joshua Turner;tiffany89@buchanan.com;27.02.2020 7:30
e5a1bdae-a747-495e-b0c9-52af9db31510;Norma Sims;knappryan@yates.com;09.03.2024 5:38
ca6ef7ce-74db-49f3-92a3-3c33037e5725;Robert Calderon;fbyrd@mendez-brown.com;27.10.2021 13:12
b1e186d7-df25-4e5d-befa-9c478dd6650f;Sandra Thompson;hollowaymichael@johnson.com;23.10.2022 5:28
dba45b5e-1498-465b-b9fe-0a1b7efbe877;Elizabeth Baker;susanhernandez@gmail.com;24.06.2023 4:55
66e51767-dcb3-4e4a-891d-fa7b0d3dc6aa;Christopher Bailey;daycarol@mclaughlin-nelson.org;22.01.2022 0:38
eceb9505-dbc3-4e56-88a1-7945ca6d3e06;Shane Williams;douglas19@hotmail.com;10.03.2020 12:44
840fbb0b-a5e3-47af-871d-ade6432255ee;James Hancock;angelalopez@rhodes.com;24.01.2022 9:04
1480f037-d39a-4bb0-962b-68d41880fa4b;Erika Gregory;marthamckinney@hale-miranda.com;03.01.2022 5:20
19365f61-f484-478d-9bc9-e8895567a84c;David Horton;moorenicole@gray.biz;24.02.2024 7:42
277e5c18-0877-4fe6-b7d8-70b678ac8704;Michael Rojas;woodtammy@davis.com;05.02.2024 0:10
ce03a34d-a022-4fee-843f-b606e8b7e2da;Deborah Taylor;rbryant@thornton.biz;21.10.2022 20:45
002f9cc4-096b-4aff-b5b7-751f497e28aa;Jay Guerrero;michaelstephens@yahoo.com;02.06.2024 5:28
f1c51dda-2828-4370-9672-ebc7606e8502;Dominique Jones;psolis@greene-sanders.com;28.07.2021 15:31
291a58af-259a-4b28-b22b-89748c5c192f;Mr. George Williams;johnparker@gmail.com;04.10.2022 22:56
28b299bc-ebbe-4a41-8781-e11f2cb38568;Jessica Zimmerman;dtyler@simon.com;10.01.2022 8:08
f172840f-3e19-40ba-ae09-ccfba3dee81f;Janet Williams;melaniedavis@everett-herrera.com;03.02.2024 15:21
540988e7-9fed-4060-af23-d4afe0ff58a5;Christina Stevenson;taylorraymond@garcia.com;23.06.2020 19:25
f5657d00-7ba0-4f58-861a-e8d1f212cc6f;Amanda Quinn;christine24@johnson.com;08.11.2022 19:47
65ea29d1-adae-4e45-a036-e74be34d7804;Brittany Baldwin;wilsonbrenda@yahoo.com;16.06.2020 10:14
a2bb6283-3d83-4d7c-b9f7-06d40b4ea16d;Kimberly Hamilton;vincent64@greer-gonzalez.org;29.03.2020 13:39
f75a7e6f-2b86-4694-941d-1a814815642c;Christopher Ward;ztaylor@huffman-hancock.com;26.10.2022 11:18
29e316ad-39dd-4477-9a22-0eb23cf9d1fe;Sarah Fitzgerald;paulmcmahon@hotmail.com;18.02.2020 14:40
5d005716-7680-491b-abb6-204ee0db22d3;Crystal Smith;chambersnicholas@robinson-cole.com;16.03.2024 21:59
62f25291-2353-4455-90bc-cb66e0631450;Pamela Arroyo;tarabailey@johnson-castillo.com;18.07.2024 9:11
2982100c-0372-4e33-8550-7d2b909e7f78;William Rivera;ruthbarnes@hernandez.com;04.08.2024 8:29
afdb4e0b-0171-4f1d-956a-2f20ee283bb7;Alicia Bauer;leonbrian@johnson.net;14.08.2023 3:15
2c05b870-cd34-4cd7-b7ed-75b463d0fccd;Theresa Moore;burtonalfred@gmail.com;15.04.2024 3:15
06714938-04fe-473d-a61c-ec19fff83cec;Joshua Russell;whitekathleen@hotmail.com;26.05.2024 16:41
00f24603-8295-4fe0-92c5-53b5d2f74429;Dwayne Osborne;loveluke@hotmail.com;06.07.2022 2:18
ecf150e6-c6f1-49c7-8c15-a57509c64c1d;Cynthia Calhoun;lisa49@yahoo.com;22.02.2020 10:33
25cf51c4-9c89-4296-92b0-35e01ca5a2f5;Randy Peterson;nancygraham@yahoo.com;11.08.2020 14:20
c96ef1a5-ac70-4464-a734-f9bbc7405255;Miss Jacqueline Brown;pdavis@hotmail.com;19.09.2020 0:26
6b325d48-06c4-4109-89a6-e611613f718d;Travis Andrews;daniellepayne@barr.net;16.08.2023 5:04
afb9f3a8-e9e7-41ba-916b-51ee6faefeda;Christy Warren;bestjasmine@klein-rogers.info;24.02.2020 5:30
ec2b5e21-3f7a-48e0-b611-8bd6553a773a;Teresa Wagner;fbarton@jones.com;22.06.2024 15:36
37773772-829f-47ba-9d30-db822348e1b7;Emma Aguilar;peter38@miller.org;25.04.2022 17:54
213a6ad8-12b3-4a24-a67f-ceeb8889832c;Anne Martin;alexislarsen@carter.org;19.03.2020 12:10
59c07423-a89f-4916-90ec-83746862dc24;Dennis Lopez;marknguyen@harrell.com;14.02.2020 11:50
e54ce0de-6e79-4a92-98b7-f1a2f74f1905;Brent Hernandez;rachael67@gmail.com;16.11.2021 16:23
61bafa39-789c-4c72-bee2-9e686fa00319;Cassie West;kayla25@torres-williams.biz;12.05.2020 23:02
3d7439ee-6514-4471-aa95-1570399bcb79;Robert Adams;jacob19@bell.com;19.10.2022 17:13
eba08424-65a5-4c1f-bb2e-cfc5a53011a2;Sabrina Gutierrez;george99@davis.net;18.03.2020 22:31
409b3c5b-d5e8-489c-91ab-249d94d50a99;Christopher Stevens;raymondwright@contreras-miller.net;27.03.2022 18:28
86ce563d-e291-45e1-869f-c269ff7acd86;Mary Willis;caitlyn96@gmail.com;11.03.2024 1:13
9aa1ecd6-058f-48d5-8ad6-cc515f2e1048;Aaron Taylor;jonesjodi@gmail.com;27.06.2023 3:12
e072caae-797c-47bf-8793-85209c921e7f;Wayne Bradley;qmathis@fleming-robles.com;16.03.2022 2:13
9c684df1-0a51-4e87-86ba-68553cad275a;Sarah Ferrell;thomasjaime@williams.com;29.03.2020 9:15
6409df32-cc4e-46da-9e09-89b952526d45;Michael Jordan;jsanchez@robinson.com;14.02.2024 12:21
88d3281a-1b4e-4428-a048-3bb2f6d080c4;Lisa Powell;youngtaylor@fitzgerald.com;21.05.2022 22:47
24eac3f4-0c78-42f9-9a41-8b24e0acf9ff;Sarah Snyder;victoriagreen@phillips.com;12.09.2023 22:10
c48ae374-06dc-4579-a476-40a1b6a659ef;Jamie Sullivan;browngeorge@delgado.biz;22.06.2024 22:33
f9fb4010-dec7-42b7-bb22-fa316bc9e970;Christopher Greer;adamseric@jones-holder.info;18.03.2024 10:07
1ad566c3-ecb0-4f48-aed6-3ea464a2bc48;Marcus Moore;vangmichael@yahoo.com;20.03.2024 23:31
7644d183-9aab-422d-b5ef-8aabb693f4ef;Crystal Martinez;jessicamiller@moore.info;15.06.2023 18:15
796f9881-572a-4b53-ab6b-7b4229502326;Tanner Kramer;harpersharon@torres-pierce.org;26.06.2023 19:58
eb1d1061-9717-4a6e-a8b4-d5b9693d993c;Sean Romero;usimon@hotmail.com;08.04.2024 1:51
c30759a4-48a1-43ab-9d55-daaffefc5b4a;Keith Johnson;thomasbrown@french.biz;15.08.2024 1:42
5e47c2a0-eef6-4139-9ccd-d34080e97f74;Denise Brooks;zmoore@mathews.net;09.11.2021 5:55
5b8d11ba-a0ec-4e5a-a487-8d19586d7f41;Lisa Chung;christianortiz@bates.com;26.08.2022 18:40
84caa7c8-a159-4b4f-b901-726fc421325a;Aaron Christian;keithtate@hotmail.com;13.01.2024 12:19
e08c28eb-3218-4fbf-8dcc-bbedc0e0d55b;Brandi King;wolfegregory@hotmail.com;13.01.2023 11:36
b934718f-2d49-4ca2-81f4-317df5141524;Laura Spencer;andrew96@gmail.com;15.01.2023 0:01
614f1ddc-4bc9-42ce-931d-a6ac956c2129;Stephanie Price;julie72@hotmail.com;27.06.2021 5:18
8d2ad974-4a86-4655-8a9d-499ca2698c2d;Sheila Friedman;millerrachel@medina.com;21.12.2022 2:15
69199a8a-aea6-4315-88ef-444a6e63ffa4;Dr. Rodney Harrison;ariasmarissa@mcdaniel.com;01.12.2021 11:13
354af1bd-ba56-42f7-a00a-a45e44e1b08c;Brandy Garner;douglas45@yahoo.com;24.06.2020 7:08
1c3c8d35-21d4-4b7e-a258-7c8958ccf9b4;Ronald Cooper;ethan15@mills.com;30.12.2020 18:46
07fe6a4e-2a6f-4e47-9b61-f92b9cf600ec;Donna Jimenez;nicholaslewis@miles-allen.biz;22.03.2020 16:10
76a933cf-65fd-4f69-93a2-5c9b6e3a52d7;Zachary Allen;graybrian@johnson.com;06.12.2022 9:42
b5004950-b5f5-4316-a453-35cc137fcd2b;Rhonda Arroyo;barryjonathan@yahoo.com;15.04.2021 9:58
6ce8d7dc-c71d-42d6-93ec-5718ae4a741a;Kathleen David;michaelchase@hotmail.com;25.01.2023 2:58
2367ad9e-8dcd-4d64-b9e8-e4ee8b7f6d7a;Terry Harmon;barberapril@bowman-meyer.com;21.07.2024 5:37
2a1ace85-351c-4aac-a728-ec952b52dab1;Eduardo Shields;ramoskatherine@li-decker.org;01.07.2022 0:58
22b3ce34-867a-4ac9-879b-e4e53a6e8f12;Devin Hernandez;kimberlykeller@gmail.com;20.04.2023 20:58
e65d1c73-5b62-47c9-be38-01afd1a8d7b0;Carlos Reed;kennethnguyen@patton-martin.com;28.11.2023 15:43
49bcf4a8-bc62-44a8-9f93-e802e1c25cd1;Leslie Moore;harveyrhonda@hotmail.com;24.10.2023 14:37
af273f40-55cd-472e-8b10-cf68b7691470;Zachary King;april22@gmail.com;18.02.2024 18:59
ea045534-f679-4fd3-8d74-afec1e548a7c;Cody Ramirez;jimmysmith@hotmail.com;23.03.2020 4:38
c5fee487-68ab-4281-968d-2bc2dac7c336;Jacqueline Gutierrez;tyronegardner@hotmail.com;20.04.2024 6:35
2887a3a9-e633-47c3-8303-42c7dcfbde0a;Kyle Warren;bryanbaker@gmail.com;12.01.2021 13:25
f7f1bb27-8066-4563-a0c3-0ce957ac59f2;Brian Peters;cody69@murphy.com;03.08.2023 6:10
25033a3e-b1f5-47d0-887b-4cca54f02dc4;Amy Peterson;daniel60@hotmail.com;14.03.2020 3:02
bd637b3a-fc0b-4519-a04a-a4a2e983cc1d;John Stewart;jacksonjerry@yahoo.com;11.07.2024 17:15
3c0a94de-4e24-4cf7-8e33-dcabbe684e2b;Rebecca Wilson;terrifrank@yahoo.com;24.02.2023 5:30
60e9bd79-fe1c-41e5-aa31-e67ae1680205;Michael Watkins;dianacarter@gmail.com;09.08.2022 10:09
78a55d6b-f2de-400f-a3e8-695158b5f052;Sheila Gardner;longjeffrey@bradley-hernandez.com;02.11.2022 18:46
68fc642a-f6f2-4926-8e60-678b82f4b48a;Renee Hernandez;richardsanchez@yahoo.com;20.07.2023 3:13
1903b45f-d01c-4935-a803-2f7efef06b04;James Diaz;vdouglas@ibarra.com;22.06.2020 2:46
25cc2478-276d-4e19-b924-e06aaef5baef;Robert Black;jennifer09@smith.com;02.06.2020 5:40
a25130a8-9870-4707-955f-bc3301424249;Sandra Morton;jcosta@yahoo.com;23.07.2022 21:10
e1a9344e-ef7f-4bc8-bb24-cba4b4577bf7;Tony Reeves;hendersonelizabeth@thomas.com;11.04.2021 18:04
c77f0b62-b264-49f7-9b58-286c8461f840;Juan Clark;teresa92@adams-martin.com;12.05.2022 14:32
98856c7f-3475-4526-b2b4-c281a5b91ee8;Jennifer Williams;nsanchez@ballard-wallace.com;29.02.2024 21:01
83719849-fb52-44d9-9a66-d48da4f0d9c2;Tamara Walsh;jason19@gmail.com;10.11.2022 5:26
bb5f15c1-b044-4ebb-8445-17ef1c769e1f;Jason Neal;murraymark@hotmail.com;26.09.2021 21:31
15db4487-6038-43f3-ab2b-cfda9d4319b5;Daniel Davis;austin06@hotmail.com;05.12.2021 2:41
1d8ac1a9-02af-4382-8938-ad77cb18d6a4;Nicole Taylor;smithjustin@bentley.com;15.05.2020 4:35
b8f35c26-d13e-439c-9cb6-f1f0e4751694;Matthew Beltran;pmontgomery@hart-simpson.biz;10.02.2020 0:20
ad0cabfc-1baf-41f1-917f-a07e7b0f78c1;Ryan Graham;manningchad@yahoo.com;26.08.2024 22:36
b259a6a0-9591-4900-9e7c-faad73df770a;Alexandra Boyd;pbridges@gmail.com;05.04.2024 5:41
cfe4fb66-7c8d-4368-aaa2-843940fe81ec;Richard Woodward;tross@hotmail.com;03.01.2023 18:14
28b74f3d-ec38-46bc-ba8d-1c00c6962905;Paul Cox;bakerjennifer@gmail.com;13.08.2024 2:45
e5098f9a-d3c6-4e05-8d37-aebb8fc7f7e3;Sharon Bright;steven78@hotmail.com;23.03.2021 16:36
820bc51d-db3a-4fa6-87d0-286213f36e53;Kathleen Lewis;katherinewaters@yahoo.com;07.11.2023 5:07
06999e1e-2b02-437e-a2cd-159aebba80d2;Taylor Rodriguez;jameshart@gmail.com;16.07.2023 13:20
2ab465e9-d97d-4b38-a4a9-8266d3d6362b;Brian Johnson;hodgesadam@gmail.com;21.06.2024 21:45
68adc28f-8463-416a-be65-6befe0efc989;Brian Campbell;shannonharmon@anderson-russell.com;04.11.2021 21:29
702cebbe-3544-4189-a920-46339bb68cd2;Cynthia French PhD;jonathan85@coleman.com;26.04.2021 6:26
439ddd74-67af-46d9-af04-ef81b5481bf2;James Hernandez;hollandpatricia@hotmail.com;25.05.2023 4:00
eb6ec9e0-225f-4457-9662-5aa1056b565f;Carlos Taylor;stewartjessica@hotmail.com;11.08.2023 11:11
70e2ee61-e29b-44d7-abdc-9c10636241c3;Amy Woods;barnesronald@james-foster.biz;16.01.2020 4:49
60032713-ea8f-423d-8dbc-321b90a00ee1;Jessica Wright;uhaas@gmail.com;10.12.2021 23:13
a4e0ee5b-1638-425c-8d66-65d8edf2a720;Anne Thompson;mgonzalez@yahoo.com;26.07.2023 12:22
3bac2660-55a3-4129-a7ba-6b1a96954911;Jerry Harris;apadilla@myers.info;20.02.2020 7:12
0a02da60-749d-4601-9f98-377981bd5336;Deborah Mendoza;rachael29@hotmail.com;20.04.2024 5:21
44c8fd00-1a0f-4218-9eb8-83257add8fed;Maureen Morrison;charleswhite@mcconnell-harris.com;01.12.2021 18:52
8d00b7b2-7d82-4ccf-81eb-88e5d549faad;Jennifer Jordan;frankgibbs@gmail.com;23.01.2022 9:54
43eb280e-7901-4990-a4e3-22cfa51de78b;Carlos Carlson;joneskenneth@thompson-miller.org;28.10.2022 6:45
5d443821-8a7f-43ae-bad2-3fbf2e573864;Robert Franklin MD;ypowell@wheeler.biz;27.02.2024 14:35
9bde299d-da28-4b7a-8d6d-99a628d798b4;Destiny Torres;jeremykim@wright.net;12.01.2021 6:40
74f8c57b-24c5-42ca-aab3-c4d8d4e4004b;Veronica Lewis;dannyferguson@hotmail.com;18.05.2024 7:54
7a658abe-1188-4fa1-b660-ffd5119fc1c4;Kerry Johnson;nblack@yahoo.com;01.05.2021 21:33
68f49b51-f3fa-4613-90ed-41f464aba3f6;Jessica Simon;amanda60@juarez-black.org;22.07.2024 0:31
7b777bf2-43f9-4cbd-979d-221d8e5f37fa;Robert Kelley;briancastaneda@hotmail.com;02.04.2022 3:01
4bf41e10-1c62-4f82-9081-3d923aca43f2;Anthony Russell;bradley89@dyer.biz;13.02.2024 19:45
181a218e-cfd6-4560-9c05-c1f3241d3e27;Jody Schneider;benjamin98@yahoo.com;06.03.2024 12:07
0e8472a7-dd33-4379-a88f-58c1237d7b90;Janet Fisher;brookelopez@jones-lucas.com;07.10.2022 22:52
96248805-2305-46d3-aa61-353ad2b00078;Amanda Morgan;anthony84@mcdonald.info;18.06.2022 5:00
0876daaa-01ce-4fc6-b2d1-16fe8f08963c;Matthew Craig;smithrobert@gmail.com;01.09.2023 23:41
b325442c-8eeb-4fd8-a783-b0c3dcae667e;Lisa Reese;randymccarty@cardenas.org;14.12.2022 18:07
b6d066f2-7d87-4566-9a0a-80bec15dfcfc;Mark Mccoy;michellebrown@hotmail.com;23.01.2021 17:07
79140a61-ee65-4feb-9b67-4518b0bf7f14;Nicole Johnson;lsilva@bowen-johnson.info;07.12.2023 4:30
c7afae8f-dfec-42ae-98e7-60bf8f3e64f4;Jennifer Ramirez;fullerabigail@yahoo.com;14.10.2022 14:21
af8c96a9-18f7-4499-9f61-c53457d1d37c;Bryan Moore;martin75@leon.biz;26.10.2022 3:35
7f6bf51b-3a05-40b7-bddf-55b2015128db;John Jacobs;waterstiffany@brown-marquez.org;16.12.2020 8:53
4642cddb-4fbe-4aae-bbf7-0946d6ada066;Damon Boyd;gthomas@gmail.com;30.03.2024 14:55
5ad8712d-7ee1-42a3-824b-fe48398071b1;Benjamin Perez MD;pachecobrittany@gmail.com;29.01.2021 4:55
ed3032ed-824c-4948-b474-b1a4f2684ee1;Judy Sanchez;garciajane@yahoo.com;25.03.2021 17:24
4e051eea-13d7-4846-9777-6c3a57435d9c;Yvette Moore;yoderamber@yahoo.com;08.07.2022 8:52
bd2cdb8d-39eb-4a32-ac1b-681192dbd613;Katherine Scott;caitlin61@hotmail.com;01.08.2022 16:30
dc58ea6a-6193-4b51-b6ac-a9b45e146c30;Kirsten Tran;sandracallahan@barnes-jordan.net;25.05.2023 0:04
49b3fe66-3b4c-4730-a53d-f737c2185e77;Jeanette Graves;teresa28@hernandez-perez.com;15.06.2021 7:58
c6b7e7cb-be0d-44ed-b306-1611ef96a214;Rhonda Williams;catherine06@rodriguez-allison.com;13.09.2021 7:18
c814ed3c-e166-46ab-a8f6-14bd7b2aa677;Kevin Wade;christopher23@orr-barton.info;25.09.2021 22:02
9cc753ad-6264-490f-886c-0adf5bf26ec8;Regina Rivera;broberts@gmail.com;27.07.2023 10:53
1e94eb4b-c74f-43ca-94c6-67bb211e55c3;Kim Kirby;kadams@hamilton-davis.com;16.10.2022 23:25
de5fe0ee-8010-4500-9ae5-253066b48fc6;Joseph Young;richardreynolds@rogers.com;15.04.2021 20:23
b594b706-a7fb-481e-ba88-a4ab78916712;Tonya Torres;megan56@gomez.com;25.04.2020 10:20
5bd71dc6-ea75-434d-a1d5-34025fba6dc2;Jessica Carter;wmontgomery@yahoo.com;11.02.2020 6:13
f902d6c0-5bf5-4279-8704-768e6e927501;Patrick Riggs;atkinskristen@hotmail.com;30.03.2020 17:23
b6e0eac2-c42b-44c4-846f-5825669ff1b9;Sarah Turner;collinsshelia@montgomery.com;23.01.2020 19:06
1af4321a-ddd3-4779-8879-996dfe38f4eb;David Hahn;ablack@richardson.com;07.04.2023 10:15
1ee1723b-4a96-46a4-a752-41027acf6bcc;Daniel Leon;gjohnson@robinson-douglas.net;15.08.2024 12:44
eed15368-5811-4722-a77d-fc7b722c353d;Danielle Mills;jlong@leonard-torres.com;16.09.2023 7:49
edfda291-2fdb-4c0d-be4a-565e3e581dd5;Scott Richards;carolinelee@moses.com;10.01.2022 16:18
3a8be161-7fd2-470a-968d-6f3ef4b445aa;Michael Mercer;sortiz@gmail.com;18.10.2023 15:52
f9adf8c5-6247-440d-ae5c-eb3d1c275035;Rhonda Cain;deborahnavarro@watson.com;30.06.2024 17:48
7636efd9-8376-4fa8-b6fe-579f6382f3b5;James Gonzalez;edwardstheresa@brown.com;17.10.2020 2:45
ffb59512-fa04-4706-af8d-ff9bfae3fcee;Rachel Perry;nicolezamora@gmail.com;28.03.2020 6:01
387cdf02-9e3b-4f04-9418-864590de6fba;Jeffery Griffith;thomasthomas@parks-rivera.info;30.07.2023 7:07
4fab2ad8-8091-421d-a637-c09facf606fc;Tim Stanley;hannah80@hotmail.com;27.05.2021 2:40
849648e8-5084-440f-bb8f-5fc77c96eefa;Alexis Miller;patrickanderson@williams.biz;22.09.2023 3:34
78c5a976-1786-42e8-806b-8fd6af157ed9;Luis Hansen;dyoung@yahoo.com;21.02.2023 9:56
f325f875-e417-4ba3-a4ee-c62b51306e5c;Scott Cook;nbrown@yahoo.com;10.05.2024 15:28
6e6d086c-f7b3-4a86-921d-bc093a357442;Edgar Potter;henrydavid@hotmail.com;20.04.2024 2:10
c57842a9-934c-472a-8c72-fe13fbf28c1c;Mr. Derrick Oliver;singhmichael@acevedo.com;12.06.2022 16:14
437249fd-17ee-4fe6-a810-91fe0a5a0322;Adam Love;jamieperez@hotmail.com;28.11.2023 22:20
2db6de21-53a9-4c5d-b9b5-c70e3346f7c6;Eric Fox;villajon@hotmail.com;04.03.2022 17:29
b2daa1f6-cc16-414a-ae4a-6e781cf4a8ed;Robert Waller;martinezphilip@yahoo.com;07.08.2023 14:55
f3f05323-3bd5-48a2-873c-36ba5d393bf9;Amanda Valdez;thomas37@wade.com;03.02.2020 0:06
88da091b-61f6-4877-8212-585b0b2f8580;James Davis;angela94@walker.com;05.10.2020 2:29
d24e3104-1dd2-4234-a131-24bd01275a63;Allison Gregory;jamesgiles@gmail.com;14.09.2022 12:16
e998952c-ef58-451f-9b1a-e0199aca0c4a;Jordan Green;vvang@smith.com;31.12.2023 18:08
7751b3fa-bdb6-4ff3-94e1-67063309a536;Jeffrey Cole;teresafry@barrett-jackson.com;22.04.2021 9:20
852d2ee5-0061-4d30-9907-3286329cd43a;Ruben Mccoy PhD;bridgeslinda@hotmail.com;16.06.2023 8:37
6a4ace0e-d89a-4500-9f13-d2fbe583847f;Kelly Fuller;nicoleayala@hotmail.com;23.02.2024 0:23
ed0d0418-2d58-4ce9-8974-5cd7111868f8;Morgan Hansen;tracy00@blevins-ward.biz;15.01.2021 7:08
6a594b07-eda6-4806-ba19-607d3bfb255e;Donald Mclaughlin;harrisjeff@farrell.com;15.01.2021 9:28
00183cfe-ceb0-4220-b984-f33f61c61ae4;Tyler Fritz;andrewcuevas@gmail.com;12.10.2021 18:29
f9df7275-6199-4015-b5c9-599f6f9179cf;Stacy Bernard;jeffrey95@yahoo.com;09.01.2021 3:16
f45c8840-9da2-4338-8a8b-c856c3edd9b7;Sara Lopez;pricealex@hall-brown.biz;20.02.2020 18:46
58d97f4a-9533-4356-874f-3be044f20133;Alexander Gomez;rwagner@rasmussen.com;07.05.2024 13:56
565af699-d3bb-43d7-9e12-425cb42fb357;Christopher Marquez;martinedwards@dorsey.com;17.12.2020 19:05
2266a107-a408-401f-b433-97f1ad5b9bb2;Christopher Brady;edwardlawrence@hotmail.com;18.04.2021 22:02
40709bd4-1790-46b7-845c-21e7988d0e4a;Tammy Camacho;patriciafrank@yahoo.com;23.11.2020 5:44
1a7e256d-b6ff-412c-9a6f-0c9af1f7e90f;Larry Patel;cynthia55@gmail.com;29.04.2020 10:33
24536074-b13d-4531-862d-7f7a45dae1f3;David Armstrong;murilloshelby@hunt.net;21.01.2022 13:02
22ca9fe8-a8aa-4d13-85a9-18d19eede43c;Nicole Burnett;joephillips@wilson.info;27.12.2020 0:57
f9d2b2de-92bb-4701-b503-c56e61002dbd;Troy Carr;bbaker@yahoo.com;12.12.2020 10:40
6bd1f046-339f-4b69-91cd-2c07a8f78b61;Gary Brooks;dillonbrandon@yahoo.com;28.09.2020 11:54
8f41d3e4-1ece-45e5-8018-41f4820d15c6;Mason Herrera;wmontgomery@medina.biz;09.03.2021 8:09
79801aaa-e93b-4418-b170-b1ed1b040be3;Anne Hernandez;ruizrebecca@crawford-jackson.com;25.09.2020 1:27
729bd820-e4ad-44e2-824d-9e961fe253b0;Daniel King;mary94@hotmail.com;15.08.2021 12:07
8c3af69e-7474-4f6f-adbd-b6e57844c2ac;Hector Romero;brittanyhernandez@levine.com;14.08.2024 18:28
41229d75-6a8d-4e84-a0fe-652b56fe2301;Kelly Vance;whitejacqueline@wolfe-huerta.org;26.08.2022 9:53
816480fa-90a2-48e1-941b-d89660924d2b;Matthew Stanley;nanderson@horton.info;20.03.2024 12:46
dcff697d-d26d-428d-91f1-5ee755e9718e;Laura Page;nashdanny@davis-thomas.com;27.06.2021 16:20
59de5319-3f9b-4cfc-b42c-59053bcab3ea;Benjamin Garcia;jasonhudson@hotmail.com;08.04.2022 19:15
69083bd6-ef61-4cac-8674-d2447b056d02;Mark Reyes;chelseaclark@hotmail.com;03.08.2021 0:02
e355c369-b931-426d-b26e-8017061f5679;Sean Rubio;fperkins@rose-jones.biz;05.09.2021 23:10
f5652d00-67a4-4b26-8d6e-44f20189a5d9;Donald Thomas;stephanieweber@miller.info;19.02.2020 2:30
3956fba9-7232-4dc9-8677-81b2c3a31607;Lacey Payne;brandy31@hotmail.com;27.10.2022 8:59
7a2be049-40d2-416f-bdb6-12f46df2fc82;Robert Lopez;vcarpenter@yahoo.com;12.09.2021 1:43
70df67b9-3a6f-46fa-a418-13ef799fde33;Meagan Boyle;michael21@patrick.net;06.12.2023 17:41
7c76a592-a73e-4f3b-9c27-761d4894d9fc;Jill Cummings;cunninghamamber@gmail.com;07.01.2023 11:49
26184c80-edf6-41e0-ae8f-0e0999755cb9;Breanna Fernandez;fwalters@travis.com;23.07.2020 5:15
af3b5a91-85ba-4545-94e2-6a5bf807cdd9;Tammy Peters;laurie56@gmail.com;15.01.2024 8:35
eec9fa67-4cc6-42fc-b006-ff85166a1a98;Jose Neal;alexandrasingleton@russell.com;19.11.2023 10:46
1f6ceec1-ac54-4740-a182-e35f848edc98;Carlos Lee;amandabarnett@gibson.com;04.02.2023 3:00
57c2747f-27b5-4ee7-8f1a-6c44f239fbb0;Daniel Phillips;smullins@wright.net;16.04.2020 13:40
9f2d5db8-deba-489f-959d-e20409642b31;Jeffrey Vazquez;qgraham@cross-hale.org;25.06.2024 13:08
e668bb6e-c408-443f-a90d-07e4ce1f4081;Christopher Garcia;juliebowen@yahoo.com;26.08.2021 7:57
3008a519-ad83-4951-a3ea-a00577f63854;Shannon Adams;wisejohn@mccall-lewis.com;07.08.2020 18:27
2ae201c0-312a-4c3c-bf00-625769560c06;Hector Moore;ksullivan@duncan.com;20.10.2021 18:26
f2b72bd2-c97b-42af-8c10-ef0164119d38;Daniel Williams;jessicarodriguez@adams.org;20.01.2024 15:58
56c6544d-f60c-4881-85ac-7520cd4668fe;Peter Ramirez;cartermelissa@gmail.com;05.05.2021 10:22
d46e34aa-ae9d-4797-8284-e0bee33e270a;Kathy Avila DDS;qelliott@gmail.com;21.12.2020 20:41
53fb2ed1-b953-4807-b009-61c3855a7d8d;Rachael Mueller;stephaniemartin@yahoo.com;23.10.2023 15:38
8af37d72-ec4f-4490-84ea-f9432ee66e21;Christopher Lopez;fpierce@ramirez.info;02.05.2024 9:27
952b750d-9830-449d-99ef-bb41b66b6b0b;Blake Hall;lopezjamie@gmail.com;19.03.2020 1:46
b050eb01-a22f-4818-a6f3-32446f1d5baf;Mark Johnson;william96@thompson.com;08.02.2020 4:31
a9c7ae92-e61b-4dc6-be52-5e4f9e203161;Michelle Snow;tbrandt@gmail.com;13.12.2020 19:23
991ab513-369f-4284-adc6-41cd921bc646;Latoya Evans;michaellane@hotmail.com;03.10.2021 13:22
7cddb4cc-3e33-4f35-886c-976870fe3cfc;Louis Lang;cthompson@hutchinson.net;14.10.2020 11:28
5153f737-d7f1-4ec2-9a9d-add2e7aad070;Maxwell Cox;brandi52@hotmail.com;15.05.2023 20:36
0021b632-3246-47d9-bb29-66398e4a295d;Amanda Garcia;goodwinphillip@gonzales.net;03.04.2020 18:09
3e2b6653-2258-4df3-8ff0-952a0b2591c4;Shannon Collins;pcarter@hotmail.com;13.03.2021 6:44
9c272c51-ac98-4368-9fc8-b87a7176d181;Patricia Jones;dsmith@yahoo.com;27.02.2023 12:42
1beaf9cf-af3c-49d0-a92c-3c3e3957f082;Jessica Gonzalez;alexanderamanda@andrews.com;27.06.2022 21:31
840658d1-c1da-4d39-b735-0626dca8b6fd;Roberto Rhodes;adam97@yahoo.com;01.02.2022 20:05
a2521f50-a54e-4c8f-acb3-077a6cef5e55;John Martin;nelsonchristian@tucker.com;25.04.2020 22:11
aedab7b5-e2aa-45a7-8951-03edfd05a5f5;Kelly Jones MD;scott00@fuentes.biz;06.01.2021 0:52
31307e46-af79-4546-be51-68dc5690f74d;Erica Oconnor;kevinrobinson@yahoo.com;01.10.2022 1:54
d7de701d-8eaf-4323-9f65-380029c836e0;Randall Salazar;nmcintyre@yahoo.com;12.12.2021 19:21
640ca20c-702a-4b67-b7ae-77585b45cf5a;Corey Burns;clarkjeanette@hotmail.com;04.10.2021 8:51
51497435-a9c9-424e-bd72-3837705bacc2;Amber Wright;gperez@bowers-taylor.com;18.03.2022 19:57
113c1836-77f4-431b-bde9-d47dd89331ac;Edward Barnett;wilsonsteven@hotmail.com;28.04.2023 15:50
1d010478-c110-412c-b843-1ed6258694b6;Leslie Douglas;hwilliams@yahoo.com;25.12.2022 22:11
efb80c63-f42f-438f-a7e0-8e2fc06bad38;John Griffith DDS;kaylee22@barker.com;17.07.2024 23:02
b52f6009-76c0-4651-b361-c49764e0dab3;John Jones;aturner@walters.com;25.11.2021 6:56
5e2d2454-e462-42e7-b5c3-de958a647b9f;Paul Zavala;raymelanie@sellers-lopez.com;26.11.2021 8:06
67f8ab57-0572-4bb5-8bee-2ebdb44788bd;Jeremy Thomas;david94@brown.org;04.01.2021 0:13
698eecba-da98-4a57-966a-dfc43513198c;Stacy Brown;silvachristopher@yahoo.com;26.04.2021 15:28
ca6cb87c-dfb8-4708-91d2-125a95e19cb6;Christine Taylor;brittany41@hotmail.com;02.07.2022 16:22
a2251838-35e1-492e-8a74-bec56951743e;Donna Miller;shelly02@sanders.com;03.11.2023 20:54
ab341860-fefd-420b-b5ef-aa99010f5ddf;Shelia Silva;christinewilson@yahoo.com;20.01.2023 7:04
e80bb7eb-a499-49cf-87e5-1bbc22e9e671;Melissa Medina;george00@hotmail.com;25.02.2023 17:28
8b3e00e7-6151-487e-8f02-7fe87d5d9031;Justin Ramirez;vpatton@yahoo.com;03.11.2023 14:43
9ad73702-140a-442e-90e8-57f88986148f;Martin Lester;vanessa15@yahoo.com;22.12.2021 18:07
c095e099-7e24-4205-bb00-d206f8542953;Jeffrey Miles;taramolina@cannon.com;03.02.2023 8:35
9df497f1-6b5a-474d-b436-7eaa03ea038f;David Townsend;michaelwolfe@james.com;14.11.2022 12:30
156e3ae5-4fe4-4735-9c29-b6dac1d7fbe9;Amber Bennett;aberg@hotmail.com;12.03.2023 10:50
cef980ce-c471-421a-85f2-b928beb9c9e2;Autumn Shepard;princetracey@hotmail.com;15.02.2020 4:23
dd9539fc-f7cd-4b75-9d26-3e763d3703f8;Larry Jones;hudsonrobert@hotmail.com;14.04.2021 9:05
f555a628-dd15-4fb4-9680-51b70723b796;Charles Gill;randallcrawford@johnson.com;18.03.2023 4:56
773b8350-2743-40df-9e15-428a833cf90f;Stephanie Robinson;mendezellen@cuevas.org;15.12.2023 0:24
72789d75-97f0-4fcf-9c35-1dc942260a44;Susan Barrett;changchristopher@hotmail.com;30.01.2023 18:52
fb2323e7-d6a2-4379-a0c6-a8a74748f7ea;Jerry Rivera;sdavis@chavez.com;27.12.2023 10:39
bef874d7-6251-474d-a1f9-c40838330558;Amy Hopkins;sshaw@warren-hanson.biz;31.05.2022 20:12
3a724b9f-56fb-4c72-ad6a-1bfc81be81f4;Anthony Perez;parkbrian@boyd-murray.biz;07.10.2020 5:18
ef82c4d6-438d-48b1-9719-64f8d2fb05ca;Patricia Baker;mathisshawn@yahoo.com;24.08.2024 19:55
50c6fa8c-27a0-408c-8b44-361f16c7354a;Dean Fitzpatrick;cunninghamtonya@sullivan-herrera.biz;23.11.2020 22:55
7c2b940d-9045-4445-958c-d60ea07f7f47;Angela Hardy;kristin78@myers.com;18.01.2023 8:44
86fe0ded-fe38-484b-b489-362c10345193;Sarah Whitney;aliciaburns@delgado.com;10.07.2021 16:13
62b22fd5-51c6-42e4-af48-744f7abc9f0b;Meghan Wiley;whitney87@diaz.com;24.07.2024 15:31
1dd95d4c-0637-4dca-9f46-30adbaaa6300;Christine Robertson;keith17@yahoo.com;19.06.2020 22:13
ef89c2e7-aa17-4666-9b6e-83a96f2af3b2;David Lopez;anne81@hotmail.com;18.01.2023 5:42
2449213a-c2fa-4184-a232-4672f64e8f4a;Dustin Mcdowell;david40@hotmail.com;24.07.2023 17:01
b49b93d5-1e70-4e19-87f7-9ee0e299cb48;Kendra Rodriguez;montoyajeremy@gmail.com;24.12.2022 21:09
a11b26b0-0823-4adf-bf75-12c56e05724d;Barbara Sanford;neilgreen@gmail.com;23.02.2021 9:46
1d8cca3b-6261-4790-83a0-61c445a16970;Anthony Everett;sarahbarton@gmail.com;03.02.2022 0:15
9dbdc6ff-5fad-4a0d-8aa8-3cd65804a881;Dillon Hopkins;idawson@gmail.com;05.03.2020 12:57
bebbe60d-3085-4e6d-a31c-c5d2cd96a6a1;Morgan Stewart;mhart@yahoo.com;09.07.2024 6:09
0f424ffa-8abb-472c-8aae-0c3ad31224e0;Amy Johnson;ucruz@yahoo.com;28.01.2024 15:46
03927935-8d5f-42c0-83f0-ba7756b8002a;Ronald Rodriguez;tmorris@stewart.com;13.02.2021 16:46
d1cae193-7ed6-4f4e-a875-176629530a13;Terri Maddox;cuevaskerri@boyle.com;06.09.2023 10:00
4202faf9-dceb-4f56-a31c-a36b059ebb2e;David Brown;chenjames@gmail.com;15.01.2022 19:19
feeac13d-5813-42c2-a33e-383454e27ea6;Jessica Baker;amyhall@gmail.com;25.05.2024 19:58
8fad725d-9d0b-4f5e-996d-362dfec24805;Leslie Daugherty;qmcmillan@griffin.info;23.04.2022 14:49
c20166e3-ca68-4a98-b48e-f9a86aeb5a32;Ashley Taylor;parkerchristine@yahoo.com;23.04.2021 12:44
1aac3ca1-920c-404e-8063-d5251152797e;Ivan Kramer;fergusonrachel@williams.com;28.05.2020 19:22
ffbdfd47-dc79-42f0-9338-94b3854ca896;Amy Ortiz;timothy57@yahoo.com;02.08.2024 11:10
08df6b19-7c3a-4037-a0d5-c16e961139cf;Rebecca Ramirez;allen66@gmail.com;13.01.2024 22:07
393031a6-c82a-4c15-9733-f669852d8585;Brenda Rogers;nhanson@stephens-king.info;19.01.2024 10:54
d61a43f2-8ecb-4971-98c8-ece658ea0417;Jeff Ferguson;heather76@gmail.com;04.06.2020 9:56
2d5c6415-fedc-48f9-b78b-094cb5178761;Christopher Montgomery;kharrison@scott.com;01.06.2023 15:55
3aeb5bc0-f63d-407c-a9d2-1bf8b1954990;Ann Huber;ojohnston@bishop-lara.com;27.03.2021 2:34
b2c92c12-9bd9-4220-b38f-4acf66270136;Patricia Brown;wattsjulie@yahoo.com;24.07.2024 23:46
28702bb1-5931-49b4-b061-46ffbecba4c8;Joel Cunningham;megan40@gmail.com;19.08.2023 8:04
e5039055-f90b-4724-b883-a8ea44e8a604;Kathy Mcintyre;tschmitt@gmail.com;03.01.2021 12:32
8c1a612b-fff9-4f34-b94d-9109593985b5;Stephanie Bell;taylormark@hotmail.com;14.06.2020 21:56
773a13fb-3750-4d77-b367-2754da2e6e6c;Emily Higgins;dennisjo@huang-gonzales.biz;05.02.2020 4:18
20e30a4d-fbce-4cd0-9050-f32cd4062cce;Lindsey Mccullough;darrensmith@hotmail.com;27.08.2020 13:41
c6b4195c-aa19-4f26-8fa4-1d2246ddb0ac;Robin Coleman;jason45@hotmail.com;18.09.2021 11:47
a908923b-1551-4819-801d-ebf6c503ccb5;Monica Stewart;uhunt@gmail.com;15.02.2021 12:42
df4a518a-4ef0-4a9b-93fd-2516d1bfbaba;David Rosales;ovance@clark-morris.org;15.04.2024 16:13
52c1b3c7-f33c-4233-8833-b07eb4d56ffc;James Hughes;morrowjennifer@yahoo.com;23.10.2022 20:36
039d60ba-9c99-4735-95a6-52a708fce7af;Diane Weiss;cheryl47@hotmail.com;13.05.2022 3:21
2a9e9a38-1d5a-474c-8da8-40fd4adb0798;Rebecca Jones;davisderek@yahoo.com;06.11.2023 10:54
338f8437-faa2-4bad-867a-6bdfb63c1dd8;Daniel Lee;christopher23@hotmail.com;30.03.2021 7:02
dd7516f5-58aa-4383-8dff-06d28340fed5;Samuel Gray;jayarnold@yahoo.com;27.06.2022 20:15
80b2db0c-6a24-45cf-96c2-b4aa72f78920;Ryan Hartman;alexadoyle@yahoo.com;26.10.2022 8:09
1f69cd43-68bf-4f7e-94dc-2301882ab925;Amber Hernandez;warrenpaige@gmail.com;18.11.2022 18:56
76847398-fabb-46b6-97f4-3de414934a25;Jason Evans;pfields@gutierrez.com;19.10.2021 23:55
4bebcf4f-2c94-451d-92fa-3935ff283550;Tracy Patterson;arnoldnicholas@johnson.com;29.04.2022 13:08
ac73189c-6fdc-4e00-a0d9-da583db4cb81;Jesse Taylor;walter60@palmer.org;20.12.2022 2:45
05dd1ef0-0806-48c9-8967-49fbb2e02961;Jason Hendrix;christinamiller@levy.com;10.10.2020 20:19
d87d3afc-a370-4e8a-821a-c45bd5e32aef;Bryan Galvan;melindalopez@hotmail.com;23.04.2020 15:36
f9d0a163-def1-474a-9380-1f2544f06c4e;Melissa Nguyen;diane70@yahoo.com;18.05.2023 5:41
fa4b0bc6-5121-431f-9028-361fa94501d7;Micheal Roberts;robert39@yahoo.com;25.04.2024 23:29
49954cf1-faaf-400c-a74b-3d208c3fa29f;Anna Kim;oturner@garcia.com;14.08.2024 1:12
3fb230b2-b55d-4442-8884-e6660c661a49;Krista Fowler;gregory93@ramsey.com;18.01.2024 4:27
84403b37-b13b-4d4e-a368-f7d2d9732b86;Jesse Jones;steven85@yahoo.com;27.11.2023 7:47
0e5bc44c-98de-4bf6-8273-4d1c23d83f22;Daniel Holland;pjones@hotmail.com;09.09.2021 10:06
47e77e2b-6b29-4a13-a37c-3644c9345ce7;Linda Kelly;mwilliams@robbins-long.com;19.08.2020 2:28
f367dbe2-40e3-469f-b9b6-6d71951a0518;Michael Jefferson;ashley19@hotmail.com;20.01.2024 19:49
88653e42-cefe-43ec-a918-4b9f501049e2;Luis Cooper;leonardmarie@jimenez.com;14.01.2021 2:46
b550f221-72e5-4360-a3ae-b12e7d4fbfff;Nicholas Hamilton;murphyanthony@hotmail.com;24.03.2022 4:31
2b66b1c0-5fdd-4329-ac74-9cf41f7550bc;Melissa Keller;markmooney@wright.org;17.12.2023 4:42
b4ca0142-3b23-4fd8-8d20-f686854df9b6;Joshua Newman;castrojoshua@hotmail.com;09.02.2022 5:13
07d5e121-623a-45ae-ba31-a27cced4dd7c;Alexander Owens;michelle93@gmail.com;12.08.2023 15:04
1932263c-4eec-45b0-94c3-0b503d0daad0;Tiffany Fox;robert27@hotmail.com;05.02.2023 20:56
20f12d46-e775-427e-aec0-12f0d3100ac5;Tammie Garcia;matthewberg@ashley-watson.org;08.06.2023 21:37
e4bd7d57-03e3-425b-b00b-1433f5d61476;John Bradley;jacqueline88@gmail.com;09.05.2022 10:36
69f5a741-8686-4f29-9cb7-6bb9c0ff34b4;James Kane;meghancummings@yahoo.com;12.05.2020 9:04
7ff5101d-3f1c-431b-86ff-76d11fe32b56;Laura Hebert;christopher51@mata-ryan.com;15.01.2021 5:01
6e771359-677a-4eb7-84bf-c434481ce3f9;Julia Thompson;roblessusan@yahoo.com;18.10.2022 8:07
ed4879e7-efd1-44ee-b287-c4407881307d;Jonathan Williams;hmccarthy@johnson-perez.com;24.01.2021 0:23
e30d04fd-b58c-4e9f-aa0b-20400ef05b6f;Shirley Price;matthewbrooks@mckinney.biz;23.05.2024 5:58
33d4a096-5b78-41ea-8634-3347daa6b26a;Nicole Li;kwilson@greene-best.com;27.06.2021 21:07
cc869dea-38a7-4c54-a6b1-caba3fccb2c1;Leonard Delgado;gene33@sullivan.info;30.06.2020 1:42
2fb01074-2532-4fd3-89f3-5bf84d03cbdd;Christopher Powers;stephaniejenkins@contreras.biz;27.08.2020 3:17
8b4eb003-401a-4e8a-bba0-fd458d3ac4b9;Amanda Washington;mgilmore@yahoo.com;31.12.2021 10:07
dd3b8d93-3b8d-4d5b-ae66-5ecb06f9f4e6;Jeff Hines;dawn75@schneider-shaw.com;13.12.2021 15:36
ecdd001e-6ad8-464d-b8c5-ee78d214f218;Amanda Spears;ggarcia@lane.com;13.08.2024 21:24
2826ef27-f190-4b53-b489-f5c7e22f6e82;Janet Young;cynthiamoyer@evans-parker.com;21.08.2024 3:51
20fa5cd3-8f5a-4ade-821d-3ead3e4c1362;Kimberly Fry;gonzalezsteven@gmail.com;11.08.2024 5:43
ae63ad3a-94d7-4681-9551-1e14e18d99ce;Peggy Humphrey;ashley42@gordon.com;01.01.2024 15:46
8625dcb0-3f79-4d31-beb7-78d62b021118;Rachel Ferguson;ericamccarthy@hotmail.com;20.02.2024 4:48
cc713ba6-4ca4-4e01-8621-8f7ffcd4fb19;Jessica Dorsey;deborahjohnson@sharp.biz;30.04.2024 12:25
b57a5c03-cb85-4da6-9b01-98ffde21c855;Yesenia Scott;qjones@davis-dodson.com;06.11.2020 14:56
75fc1b10-b8d1-4539-8562-8912bdf2b5a1;Luis Wood;dustin47@hotmail.com;04.01.2023 7:51
33251c76-d8ef-45c9-a7a2-d2d0ca3c4050;Raymond Lowe;sharris@beasley-vance.com;02.11.2020 12:51
618a4763-2af5-45a3-a97b-85380ff73f25;Rhonda Burns;marshalljason@kirk-davis.com;27.10.2022 19:33
6282c33d-3665-46a5-a34d-a412816a5ea8;Jay Clarke;nathanwalker@melton-lee.com;12.09.2021 15:51
1a608f0d-7e41-42ad-86b0-915a8880f9fd;Ryan Ross;wallen@gmail.com;29.10.2023 14:15
88662aba-1601-4cc6-9b16-0641207417e7;Olivia Powers;npatterson@alexander-tran.com;06.10.2020 9:31
e4d08ebe-d335-414c-a62c-e6a302fbad7c;Timothy Richardson;jamie15@hotmail.com;06.10.2020 17:13
bf33551d-f629-4535-82b3-3be214ed05bd;Adam Valencia;scottdaniel@fisher.org;10.01.2021 5:28
65578e91-bee5-464d-be37-355efbdc678a;Kevin Rollins;apriladams@gmail.com;29.01.2024 21:20
fc145cfe-469a-4289-ac91-c01e734c5192;Lori Dennis;fsmith@young.info;29.03.2021 19:48
a96e2bf4-5865-43b8-b915-486569967b5c;Jennifer Wilson;meghanmoore@jackson-page.com;02.01.2024 5:45
139e5ca2-b9e7-4780-821c-f26265739938;Edward Lewis;randy76@gmail.com;05.07.2022 20:34
96062930-2860-4311-8315-d334e47c98ea;Christine Young;crystal90@gmail.com;01.10.2020 17:21
dba620f1-35bb-4db0-bda3-14883e1fa8ac;Tricia Walsh;joe10@hotmail.com;02.11.2023 19:38
0dbcad25-daac-43a3-82f8-9ef40b9bcb7e;Robert Moore;pperez@hotmail.com;16.02.2021 1:52
b17078ee-1129-40f2-8f21-ae6a82e2f424;Kathleen Walton;elizabetherickson@grant.net;02.05.2024 13:02
b5cbb690-735b-4a80-bfbd-aeed723dc8f5;Mr. Aaron Bridges;fyoung@hotmail.com;19.03.2022 20:25
a9584453-c2ea-4172-a5a1-5243c7281f15;Christina Shah;john38@yahoo.com;03.05.2024 12:58
e15093b0-a07a-4b89-998d-f20b226dded0;Lori Huff DVM;brownangela@boyd-jordan.info;11.02.2021 10:45
992e7dea-0374-4263-8a06-09aa827acd0d;Cody Morris;turnerjenny@burch.net;12.08.2021 23:19
5ba48aa0-aab6-441b-99e8-484c25d203e3;Elizabeth Hayes;emily86@woods.net;16.08.2020 23:48
4c1f59df-f6b4-460b-9466-c7725df5672b;Cassandra Gibson;seanmatthews@gmail.com;09.05.2020 6:54
40e5e8fa-b033-4368-a443-a7378072b635;Jason Woodward;lisaburch@hotmail.com;29.04.2020 8:03
ce91e0c9-7abd-4241-85c2-b1052234c40f;Antonio Orozco;deannathomas@frazier.net;19.08.2022 18:04
dafd518d-d55f-4e0e-af6b-e029bbef627f;Grace Williams;katrinawheeler@yahoo.com;17.05.2022 4:36
56e16c2b-659b-4dcb-9bca-e27d331978eb;Martin Gonzales Jr.;jacob86@hotmail.com;04.02.2024 14:14
23aa9e67-70bc-4ec1-8d29-d77a793910e6;Paul Nichols;melissaking@daniels.com;30.12.2021 23:00
f0041e32-4bc0-4de3-9197-b56179b68b95;Elizabeth Graham;kyle52@yahoo.com;13.11.2023 8:48
54f5edf7-e9bf-49f4-b373-9067cf085288;Matthew Gibson;lpierce@yahoo.com;27.05.2024 9:32
9a642c24-a34a-4c3e-9a68-fa2a59581c94;Michael Beltran;rfrazier@malone-boone.com;19.09.2021 8:26
66b9b21b-9429-4726-a557-338d6175f16a;Andrew Weaver;malloryross@mejia.com;07.02.2023 11:38
4c43745b-8063-4ef2-a534-28bbb20ed719;Heather Lam;amber98@blanchard-smith.net;25.03.2023 4:36
9090d244-c1d4-4db0-909b-f39cacb1691c;Julie Gordon;hayesemma@hotmail.com;26.10.2021 20:28
6e6b3eba-3055-484e-bc38-bfd6d7e23908;Michael Brown;arussell@powers.com;17.08.2023 7:30
2adb6a67-83ad-4758-83e1-592e3765002d;Robert Lee;katherine34@yahoo.com;19.05.2024 8:23
98ecdbc6-cec7-490b-a3e8-6d638278e1e5;Claudia Wilson;garyfowler@gmail.com;06.03.2021 9:55
881f93bd-e669-46b6-81af-b76b84733c88;Joshua Baker;dana76@hernandez-mann.com;13.08.2020 13:15
d610de6d-819d-49b4-a949-2308c710fab3;Jesse Daniel;harriskatherine@gmail.com;22.12.2021 13:16
eac503ff-79d1-4233-a5c0-7ecfd38a1bdb;Kevin Harper;kimberly03@greene.com;15.08.2023 18:12
4d390362-6ef4-46b4-824c-222f577aa515;Lisa Russell;lburke@phillips.com;02.08.2022 15:59
86d77094-a689-4303-a807-092d74ca0c56;Mr. Joseph Craig;billy91@murphy.info;04.10.2021 14:20
31bf3b36-bac1-44b5-8a19-e5a80d5a2ad3;David Spence;vincentbaker@paul-jones.com;27.06.2022 10:28
b0fde8c9-7575-417c-81ca-37f5f7de1a61;Nancy Jarvis;kevinmclean@yahoo.com;05.04.2021 19:04
98e16bc0-3385-49c7-84ad-e7b7119b0fb4;Debra Reed DVM;patrick02@gmail.com;06.05.2021 0:05
fa9f941a-41a0-44be-9b0d-ff111a6c3c25;Brittany Kramer;mitchellbrian@yahoo.com;03.05.2022 2:15
d35169bc-0044-4690-b17a-7c84cb3d7ee7;Daniel Austin;qvang@bryan.com;15.01.2023 18:47
e55b88ff-f086-4962-b771-f867dfa2e52b;James Martin;amcintosh@gmail.com;28.11.2020 5:12
e83f3278-2c70-4901-9e3f-4f152f5c5cbe;Lisa Meadows;vschroeder@hotmail.com;23.03.2021 7:30
9c017e5d-5c41-4fb5-a94a-29d3f73c3dce;William Parker;jennifer49@beard-boyer.com;14.02.2023 22:29
acac00dc-024e-4609-8486-4d26cfd09276;Gregory Meza;tsmith@davis.org;30.07.2023 16:38
054961d6-0438-43d4-a81b-3fe3fda48455;Johnathan Hill;markbush@lane-harper.com;14.12.2020 20:45
2adfd824-edae-4c39-aa9e-062a9b89bf0d;Jacqueline Middleton;qdennis@gmail.com;02.10.2021 22:20
f65a1a2a-4f76-4aac-9ec2-2e0cd4cd82fa;Mark Archer;francodebbie@gmail.com;02.02.2023 7:49
d2bddb3b-649e-4503-bc73-7aead273dcbe;Joseph Ayala;swood@george-zavala.info;20.03.2023 4:31
dbb59fc2-5cff-496e-bd03-c81f7ff35029;John Bond;whitneymichelle@fernandez.com;02.08.2021 15:52
6e935faf-9502-41d5-967a-d0895acecdbf;Kelsey Yates;annette61@gmail.com;31.07.2021 5:55
0654f465-b311-49c4-9d86-fd12c8359b91;Melanie Patrick;csanchez@hotmail.com;23.05.2023 5:14
98082cf3-03a7-49aa-ac14-af79c4a0c1cd;Brandon Williams;whiterobert@casey.com;10.03.2022 1:34
bd05bc2c-5a50-4a98-85c5-5e39881d0ee1;Colleen Wagner;dustinclark@yahoo.com;07.04.2021 17:04
624aadae-ebbc-41f6-9edf-f24b3567c813;James Bailey;cbyrd@mooney.net;14.05.2020 4:40
